SEACell	UMAP1	UMAP2	stage	cell_type	color
10_F6k#AACCCTCACCTCATCC	1.37808780455347	-2.67934417651333	adult	digestive_filaments_1	#E33D3D
10_F6k#AACTACGACCTCGAGC	0.299341247317755	2.96974033190571	adult	cnidocyte	#FF42FF
10_F6k#AAGTACCACAACGTTC	4.69634668612238	-2.5869007103268	adult	gastro_parietal_muscle	#8CEB10
10_F6k#ACTCCGTACAGGTGAC	0.356273577449285	-2.60913562701382	adult	digestive_filaments_3	#AD0303
10_F6k#ACTTATCACAAAGTAC	0.46496401810404	-2.0187330238644	adult	digestive_filaments_3	#AD0303
10_F6k#AGAACATGAACTAGTC	4.03896443629023	-2.35858583377041	adult	gastro_parietal_muscle	#8CEB10
10_F6k#ATACAGGCTATGAATG	1.02556949937102	0.33768272473179	adult	gastro_IRF1_2	#C1EB05
10_F6k#ATAGGAAACGCATGAG	0.390157327887976	0.708012820022927	adult	precursors_endoNPC	#8A8686
10_F6k#CAATCGCCTTAGGTTC	-5.34155614590887	1.80595851017796	adult	neuron_Pou4_FoxL2_2	#0B16BF
10_F6k#CAATGTGTGGCTCAGC	2.81936852717158	-1.55969428942837	adult	gastro_parietal_muscle	#8CEB10
10_F6k#CACTCTGACGCATGAG	-2.63272412038091	0.327442646759378	adult	neuron_Pou4_FoxL2_3	#1E67E6
10_F6k#CCACTAAGAGTCCCGA	-4.96392305112127	1.56206846310459	adult	neuron_Pou4_FoxL2_2	#0B16BF
10_F6k#CCATCCATGCGGTACC	-3.5696960232282	3.60908299757801	adult	neuron_Pou4_FoxL2_1	#101CDE
10_F6k#CCGTTCTGAAGCTTGT	0.250934884784185	-1.06406688616909	adult	digestive_filaments_1	#E33D3D
10_F6k#CCTTCTACTCAGATTC	0.615384207007849	3.65188749207817	adult	cnidocyte	#FF42FF
10_F6k#CCTTGGTACATCCTTT	-5.18619687772039	1.45503115727268	adult	neuron_Pou4_FoxL2_2	#0B16BF
10_F6k#CGGTCTACTACCGTTA	0.186601445910894	-3.54039096758999	adult	digestive_filaments_2	#D10606
10_F6k#CGTGAATACGAACAGC	0.12518529677149	-1.44507265017666	adult	digestive_filaments_1	#E33D3D
10_F6k#CGTGTCTACCGCCACA	0.496593342063391	-1.02253818438686	adult	digestive_filaments_1	#E33D3D
10_F6k#CTAACTGGATAACTCG	-5.75194270825628	-3.41763973162807	adult	epidermis_2	#06CCD4
10_F6k#CTCGGTTACCTTCAAG	-1.0057802937055	-3.05467224047817	adult	digestive_filaments_3	#AD0303
10_F6k#CTCTATATGTGCGCCA	0.699200318095648	-2.55478238986172	adult	digestive_filaments_3	#AD0303
10_F6k#CTGATTACTCACAGTT	-5.71162898755316	-3.1850886337582	adult	epidermis_2	#06CCD4
10_F6k#CTGATTACTTGAGGCA	-5.20781095242742	-2.28120422290005	adult	epidermis_2	#06CCD4
10_F6k#CTGCCTTGACTCACGG	-5.17774493909124	1.61854076458775	adult	neuron_Pou4_FoxL2_2	#0B16BF
10_F6k#GAAGTATGAAGGGCTA	-3.25658042645696	0.372701407211648	adult	neuron_Pou4_FoxL2_3	#1E67E6
10_F6k#GCCGTTTACTAGCGAG	5.94246666216608	0.966176749008523	adult	gastro_circular_muscle_1	#85C90E
10_F6k#GGCAACGCTGCCCTTT	1.85331128620859	-3.53498458789028	adult	digestive_filaments_2	#D10606
10_F6k#GGGAGCTCTATCCTAG	-2.06680996632818	2.2746384151157	adult	neuron_Pou4_FoxL2_1	#101CDE
10_F6k#GGGTATGGACGAGGAT	-4.49838597989324	-1.63494205401577	adult	precursors_NPC	#636363
10_F6k#GGTCGCATGATGTCCA	-3.4049936077619	0.277964592712747	adult	neuron_Pou4_FoxL2_3	#1E67E6
10_F6k#GGTCTAAACGTACTAC	-4.83149631238226	1.50011348797642	adult	neuron_Pou4_FoxL2_2	#0B16BF
10_F6k#GTAGTGGGACGGTTGC	0.144030974147283	-4.43725204394497	adult	digestive_filaments_2	#D10606
10_F6k#GTTGAGTTGGGACAGT	1.89258496546503	-3.64393901751675	adult	digestive_filaments_2	#D10606
10_F6k#TAAGGCTTGCTCGATA	-5.25275953030828	1.85334777905308	adult	neuron_Pou4_FoxL2_2	#0B16BF
10_F6k#TAGCAGACTAATCTGC	5.01610390925165	-1.10253238604702	adult	gastro_parietal_muscle	#8CEB10
10_F6k#TATTCCTGACACAGTT	1.46516372346636	-2.64711809085049	adult	digestive_filaments_1	#E33D3D
10_F6k#TCACTATTGGGTTTGT	0.366810844180548	-3.16785097048916	adult	digestive_filaments_3	#AD0303
10_F6k#TCAGCCGGATTAGCTG	-5.00806672787908	1.68773412777744	adult	neuron_Pou4_FoxL2_2	#0B16BF
10_F6k#TCCGAGTCTGTTAGGG	1.67123247766253	-3.86255741046108	adult	digestive_filaments_2	#D10606
10_F6k#TCCGCCTCTGACACCC	-4.82009847378973	1.9840244062122	adult	neuron_Pou4_FoxL2_2	#0B16BF
10_F6k#TTCCCTGGACAGCTGC	-0.539854361774958	1.37554097248875	adult	neuron_Pou4_FoxL2_1	#101CDE
10_F6k#TTCGACCACTCCCAGG	-1.70118911481146	2.05753338410221	adult	neuron_GATA_Islet_2	#1175F0
11_F5k#AACGCGCTGACCGTGC	-2.37609608388189	1.18275356366001	adult	gland	#FF6F08
11_F5k#AAGCGCCACATCAGCT	-4.61070592618231	1.89900887085758	adult	neuron_Pou4_FoxL2_2	#0B16BF
11_F5k#AGGAGGTTGTTTGTCT	0.419075415370428	-4.79261684344448	adult	digestive_filaments_2	#D10606
11_F5k#AGTACGACTCACTCAA	-1.85346992230657	0.740486861008035	adult	gland	#FF6F08
11_F5k#ATACAGGCTCATCCTC	-4.72190387463812	-3.20286893771328	adult	epidermis_2	#06CCD4
11_F5k#CAAGGGAACACAGGTG	-4.15141542172674	1.66986298634373	adult	neuron_Pou4_FoxL2_2	#0B16BF
11_F5k#CACTCTTCTACCTTGA	0.168788120982611	-4.91131877825893	adult	digestive_filaments_2	#D10606
11_F5k#CAGGCGACTCTCACTC	0.800543681619131	-1.61777877734341	adult	digestive_filaments_1	#E33D3D
11_F5k#CCTCCCTTGCCAGCAC	5.48580686831232	0.486774683731424	adult	gastro_circular_muscle_1	#85C90E
11_F5k#CTTCTAAACAAGGTGC	-1.68714697575811	-2.66457700656094	adult	digestive_filaments_3	#AD0303
11_F5k#CTTTCCGGAGACTCGC	1.55380968832728	-4.05453491137661	adult	digestive_filaments_2	#D10606
11_F5k#GAGCGATGATATTGCG	-0.64678735947851	2.91428035570942	adult	gland	#FF6F08
11_F5k#GATCTGCCTTACACTG	-3.09724004483465	3.20367795302235	adult	neuron_Pou4_FoxL2_1	#101CDE
11_F5k#GCTACTGCTTAGGTTC	-4.94153316235784	2.00610721184574	adult	neuron_Pou4_FoxL2_2	#0B16BF
11_F5k#GGTATGACTAGCCTAT	4.42508237147089	-2.3012585632626	adult	gastro_parietal_muscle	#8CEB10
11_F5k#GTATAGGCTAAATCGA	-5.76779992795233	-5.46557617114223	adult	epidermis_1	#04CCD4
11_F5k#GTCGAATACGGGTAGT	-5.36480672574285	-2.9351057998959	adult	epidermis_2	#06CCD4
11_F5k#GTCGGCTGAGGAATAT	-6.02326114392523	-2.60330820010342	adult	epidermis_2	#06CCD4
11_F5k#GTTGATGACAGCTTTG	1.37293157064673	-0.89391660617031	adult	digestive_filaments_3	#AD0303
11_F5k#TACAACCGACAGTCCG	-5.09174640393499	-3.05319404528774	adult	epidermis_2	#06CCD4
11_F5k#TCGTATACTTTGCGCG	2.07030914807078	-3.42846584246792	adult	digestive_filaments_2	#D10606
11_F5k#TGCAGTATGGGGACTA	0.399787411925756	-4.15458774493374	adult	digestive_filaments_2	#D10606
11_F5k#TTCGCCAACAAATGCA	1.23371342839059	-2.23217677996792	adult	digestive_filaments_1	#E33D3D
12_F#AACAAAGTCCCACGGA	1.89317731642481	-0.352974414092673	adult	gastro_somatic_gonad	#BDE314
12_F#ACTGTCCGTACAAGCG	3.70896951937433	-0.527260779601706	adult	gastro_parietal_muscle	#8CEB10
12_F#AGCGTATCAGACCTGC	2.24894414925333	-0.258329390746726	adult	gastro_circular_muscle_1	#85C90E
12_F#AGTGCCGCATTGTTCT	1.70192407154795	-0.331492423278464	adult	gastro_somatic_gonad	#BDE314
12_F#ATTACTCTCACTACCC	3.85385720515009	0.542369604843484	adult	gastro_circular_muscle_1	#85C90E
12_F#CCCTAGTCATAGATAG	3.09829311156031	-1.61162328646816	adult	gastro_parietal_muscle	#8CEB10
12_F#CGATGATTCTGGCGCA	2.93035177969691	-1.77095603869594	adult	gastro_parietal_muscle	#8CEB10
12_F#CGCGCAACAAGTTGCT	-1.73618276334051	-3.7687764160458	adult	digestive_filaments_3	#AD0303
12_F#CTCTACGGTTTAGACC	-3.31919391370062	0.278786898392068	adult	neuron_Pou4_FoxL2_3	#1E67E6
12_F#CTTGCTGTCTTCCGTG	3.57016031527277	-0.633605479461326	adult	gastro_parietal_muscle	#8CEB10
12_F#CTTGCTGTCTTGGCCT	0.517879770038092	3.81089093236886	adult	cnidocyte	#FF42FF
12_F#GACCAATAGTTAGAGT	-0.899898364307917	2.6352044351276	adult	gland	#FF6F08
12_F#GATTGACCAGTTGGAG	3.65011136317011	-1.53025817797817	adult	gastro_parietal_muscle	#8CEB10
12_F#GGCACGTGTTGGACGA	-5.99859626508001	-3.04765367434658	adult	epidermis_2	#06CCD4
12_F#GTGACATTCGCAGATT	-3.77112682080511	1.84353089405857	adult	neuron_Pou4_FoxL2_2	#0B16BF
12_F#TAAGTGCAGACGACTG	4.36606685900446	-1.24649667666592	adult	gastro_parietal_muscle	#8CEB10
12_F#TACGCAAAGTGCTGAG	2.28744129919764	-0.247838019591941	adult	gastro_circular_muscle_1	#85C90E
12_F#TATGTTCTCAGGATCT	0.200014159915411	-4.53428935931362	adult	digestive_filaments_2	#D10606
12_F#TCACCACTCTATCCTA	1.69942079567667	-0.723214148742331	adult	gastro_somatic_gonad	#BDE314
12_F#TCACTCGAGCTCGTTA	-1.47233660435919	-2.51061010287441	adult	digestive_filaments_3	#AD0303
12_F#TCCAGAACAATTCGTG	-3.61042506909612	3.59984183384739	adult	neuron_Pou4_FoxL2_1	#101CDE
12_F#TCCCACAGTACCAAGG	1.34676256114002	-2.48902368472256	adult	digestive_filaments_1	#E33D3D
12_F#TGGACATGTTACGGAG	-4.4872370502973	-3.08641433642544	adult	epidermis_2	#06CCD4
12_F#TGGCGCACATCACAAC	1.61563761615511	-0.11367511675991	adult	gastro_IRF1_2	#C1EB05
12_F#TTCGCGTTCTTAATCC	0.0956684806322687	-4.57705211566128	adult	digestive_filaments_2	#D10606
13_F#ACGTTAGGTGCCCGAT	4.54914729380366	-2.41702508853115	adult	gastro_parietal_muscle	#8CEB10
13_F#ACTAGGTTCTTAATCC	-1.53850133633856	3.26681625916325	adult	neuron_Pou4_FoxL2_1	#101CDE
13_F#CATTGGATCGTGAACT	5.3153981425738	2.04677844120823	adult	gastro_circular_muscle_1	#85C90E
13_F#CGCAATATCTCTTAAC	0.319818065402471	-4.33601474688686	adult	digestive_filaments_2	#D10606
13_F#CTCAGAAAGATCGAGC	-6.09165818906072	-2.70607852862514	adult	epidermis_2	#06CCD4
13_F#CTCTACGTCCGTGCGA	-3.3664832851911	1.5535542972263	adult	neuron_Pou4_FoxL2_2	#0B16BF
13_F#CTGTTCGGTCAACTGT	6.00180952334162	1.111770392197	adult	gastro_circular_muscle_1	#85C90E
13_F#GAAGAGCCAATCACTG	4.43379370951411	0.6956326968845	adult	gastro_circular_muscle_1	#85C90E
13_F#GAAGTGGTCTCGCGGA	1.14978402191158	-1.84837675021328	adult	digestive_filaments_1	#E33D3D
13_F#GGAGGATGTTGCCTGG	4.1222075679278	-2.12499189303554	adult	gastro_parietal_muscle	#8CEB10
13_F#TTACCGCGTTGGACGA	5.30774967455622	1.24484253002964	adult	gastro_circular_muscle_1	#85C90E
13_F#TTAGCTTCATAAAGTG	0.625126228568518	-1.28194761202969	adult	digestive_filaments_1	#E33D3D
16_FC#AACACTCGATTTGTCT	-5.73390729642156	-5.87991046832241	adult	epidermis_1	#04CCD4
16_FC#AAGACGGTGACACCGC	-0.55374844289068	-3.00302600787319	adult	digestive_filaments_3	#AD0303
16_FC#AATGTGCACCTGCGGT	2.8527961232638	0.0486104495700466	adult	gastro_circular_muscle_1	#85C90E
16_FC#ACAATGCACCGATTCA	-5.86249406552557	-6.23234844134487	adult	epidermis_1	#04CCD4
16_FC#ACAGACTTGCGTAGAG	-1.71454603886846	1.05679607464634	adult	neuron_GATA_Islet_1	#0C82F7
16_FC#ACTTGCCTGTGACTCA	-5.7008543751264	-6.38057517932094	adult	epidermis_1	#04CCD4
16_FC#AGTGGAGTGGCACGCT	-1.26176507687811	-2.97462224887051	adult	digestive_filaments_3	#AD0303
16_FC#CAATGTGACCGATTGT	-1.50019653058294	2.04309523178898	adult	neuron_Pou4_FoxL2_1	#101CDE
16_FC#CGACGTTCTGGACCAA	2.89773814463373	-0.495617388946189	adult	gastro_circular_muscle_1	#85C90E
16_FC#CGTTACCTGCAACGCC	2.68724338793513	0.214664698379861	adult	gastro_circular_muscle_1	#85C90E
16_FC#CTCTATATGTTTCGCC	3.18026201510187	-0.707251548034324	adult	gastro_circular_muscle_1	#85C90E
16_FC#CTGGTGGACTACTTTC	3.28074900889155	0.325209618347512	adult	gastro_circular_muscle_1	#85C90E
16_FC#GCGTATATGCTTGTGA	-2.18579824185613	2.12832892014347	adult	neuron_Pou4_FoxL2_1	#101CDE
16_FC#GGCGTTTCTAGCCATT	2.84725444102045	0.38725924565159	adult	gastro_circular_muscle_1	#85C90E
16_FC#GTATAGGCTCTGAGAG	-4.92357738232855	-3.41059970782436	adult	epidermis_2	#06CCD4
16_FC#GTCTACAGAAAATCGA	-1.25770313954595	1.16864419056736	adult	neuron_GATA_Islet_1	#0C82F7
16_FC#GTCTGGCGAGTTGTCA	0.767812774417364	1.59694814755283	adult	precursors_PGC	#BEBEBE
16_FC#GTGCAGAGAGATGGAC	1.1622074254727	0.657285452621804	adult	muscle_tentacle_retractor	#FFD700
16_FC#GTTGTTGGACGAGGTA	0.927393064734899	-1.02511644290127	adult	digestive_filaments_1	#E33D3D
16_FC#TACAACCGACCCGCAA	1.20333309927341	-0.832449912292136	adult	digestive_filaments_1	#E33D3D
16_FC#TACCCGGGATCTGTAG	2.44762067579981	0.0675022609408962	adult	gastro_circular_muscle_1	#85C90E
16_FC#TACCCGTTGCCAGGCT	-5.7964034817243	-5.71358585284389	adult	epidermis_1	#04CCD4
16_FC#TCGTATACTCCGGCTA	0.570661649939978	-2.78776407168545	adult	digestive_filaments_2	#D10606
16_FC#TCGTATACTGCACGCT	1.36209291302916	0.338924170273172	adult	gastro_IRF1_2	#C1EB05
16_FC#TGTACCCTGTGCGCCA	-5.97818906522039	-6.12110137866177	adult	epidermis_1	#04CCD4
16_FC#TTACTGGGACGAGTGA	-0.966351821186579	2.40980076863133	adult	gland	#FF6F08
16_FC#TTATCGACTGCACGCT	2.33586077475306	-0.569804190856589	adult	gastro_somatic_gonad	#BDE314
16_FC#TTCAAGTCTGGTATGG	0.405518577334844	-3.23505258486904	adult	digestive_filaments_2	#D10606
18_Elav#ACTCCAGCTCGAGGTA	-0.944862200977839	1.45486998631321	adult	neuron_GATA_Islet_1	#0C82F7
18_Elav#ACTGCTAGAGAATTGA	1.11692674541231	0.728337050217019	adult	muscle_tentacle_retractor	#FFD700
18_Elav#AGGGACCCTTAAGCAA	0.9730895616984	-2.64253902362026	adult	digestive_filaments_2	#D10606
18_Elav#ATAGCCAACAAATGCA	-1.14916022038702	1.80136776043736	adult	neuron_GATA_Islet_1	#0C82F7
18_Elav#ATGTCCAGACGTGCAC	3.1817082622027	0.110914946335183	adult	gastro_circular_muscle_1	#85C90E
18_Elav#ATTGTGCGATCATTGG	-4.86956889844183	-3.06388282702602	adult	epidermis_2	#06CCD4
18_Elav#CAAGATAGATTACGCA	2.52610986017939	0.142005682724343	adult	gastro_circular_muscle_1	#85C90E
18_Elav#CACATCCTGAGTCGGA	-5.91502530789617	-5.93056869433559	adult	epidermis_1	#04CCD4
18_Elav#CCGACTACTTAATGCC	0.226861164805853	0.663280249374734	adult	precursors_endoNPC	#8A8686
18_Elav#CGATATGTGTAGGTTC	2.25313924336191	-0.0371837608639134	adult	gastro_circular_muscle_1	#85C90E
18_Elav#CTACTTTGATGCAAGG	-2.28947384572271	1.38275456501804	adult	neuron_Pou4_FoxL2_3	#1E67E6
18_Elav#CTCTTTCTGCGTTATG	1.28452926957365	0.283271313446389	adult	gastro_IRF1_2	#C1EB05
18_Elav#TACCGCTTGGAAATCA	3.31406752848383	-0.193967341643943	adult	gastro_circular_muscle_1	#85C90E
18_Elav#TACTAACCTGCTACGC	-4.96085746503118	1.98619723393284	adult	neuron_Pou4_FoxL2_2	#0B16BF
18_Elav#TGTGGTAACTCCAATG	-4.77697808957342	-3.25659990237392	adult	epidermis_2	#06CCD4
19_Elav#AAAGCATGACCCGCAA	2.84780363821741	0.162294388550149	adult	gastro_circular_muscle_1	#85C90E
19_Elav#AATCAGCTGATCCTCC	2.01407854342219	0.110278368728982	adult	gastro_circular_muscle_1	#85C90E
19_Elav#ACGCCCAGAAGCCTAT	3.05223004603144	0.195195437210427	adult	gastro_circular_muscle_1	#85C90E
19_Elav#AGCCTACCTACCTAGT	-1.73905379987005	1.13416338040196	adult	neuron_GATA_Islet_1	#0C82F7
19_Elav#AGGAAGCACTGCTTGA	-5.60532911038641	-5.72879505084194	adult	epidermis_1	#04CCD4
19_Elav#AGGCATTACATTCGGT	-5.75892884946112	-5.65974998400844	adult	epidermis_1	#04CCD4
19_Elav#AGGTATAGACGACTAT	-1.3575595161939	1.74964070393406	adult	neuron_GATA_Islet_1	#0C82F7
19_Elav#CAAAGGGACCGTTATG	1.80759792113062	0.0843360431369411	adult	gastro_circular_muscle_1	#85C90E
19_Elav#CGTGTCTTGAGTTGAA	-1.567505671742	1.25210881306492	adult	neuron_GATA_Islet_1	#0C82F7
19_Elav#CTCTCTGGAGTTAGGG	2.80019037508723	0.472063065307962	adult	gastro_circular_muscle_1	#85C90E
19_Elav#CTTTAGGGATGTTGTG	0.476938650844061	3.8406577397015	adult	cnidocyte	#FF42FF
19_Elav#GCACAATACCAGACCC	-3.10772330975775	1.54912233425938	adult	neuron_Pou4_FoxL2_2	#0B16BF
19_Elav#GGATACTACCCAGCTG	2.40311579489466	0.661176682251321	adult	gastro_circular_muscle_2	#73B009
19_Elav#GTACTCAGATGCAAGG	-4.80788428998236	-2.98824596331753	adult	epidermis_2	#06CCD4
19_Elav#GTATCACGACACTCAA	-5.54616363263372	-6.48685550616421	adult	epidermis_1	#04CCD4
19_Elav#GTCCGAGTGAACCAAA	-1.09298927998785	1.52024245335423	adult	neuron_GATA_Islet_1	#0C82F7
19_Elav#GTGTAACTGCTGGAAG	-1.13949854588751	1.19037556721531	adult	neuron_GATA_Islet_1	#0C82F7
19_Elav#TACCCGGGAGTACTAC	-1.12038452840093	1.27561235501133	adult	neuron_GATA_Islet_1	#0C82F7
19_Elav#TAGAGAAACCTCGAGC	-1.35396321034674	1.39260387493931	adult	neuron_GATA_Islet_1	#0C82F7
19_Elav#TAGTGCATGAGGCATG	2.7660395362353	0.0167396075900661	adult	gastro_circular_muscle_1	#85C90E
19_Elav#TCCGTGGGACCACTTC	2.07978765749689	0.175720453995095	adult	gastro_circular_muscle_1	#85C90E
19_Elav#TCGACTAGACGTTCTC	-2.71342928624395	0.735980511444436	adult	neuron_Pou4_FoxL2_3	#1E67E6
19_Elav#TCTCAGAGATATTGCG	2.24945561671015	0.403681040542947	adult	gastro_circular_muscle_2	#73B009
19_Elav#TGTGCAATGCCACTTC	-1.88162739491705	1.30887150837742	adult	neuron_Pou4_FoxL2_3	#1E67E6
19_Elav#TTGGTATCTTGCATCA	2.54947726511713	0.600893021362649	adult	gastro_circular_muscle_2	#73B009
20_Fn#AAACGACCTGATCCAT	0.570766792533361	-4.16210365222134	adult	digestive_filaments_2	#D10606
20_Fn#AAAGGATACGTTAGAA	1.97581999087092	-3.52910280154385	adult	digestive_filaments_2	#D10606
20_Fn#AACACACACTGAGTAA	0.936583385703527	1.77275753094517	adult	precursors_PGC	#BEBEBE
20_Fn#AACTACGACCAACGCC	-0.731500937702692	3.0182268626865	adult	gland	#FF6F08
20_Fn#ACCGGAGCTCCTGCGA	0.188808367488348	-1.42016839907802	adult	digestive_filaments_1	#E33D3D
20_Fn#ACGAGGATGATCCTCC	1.27605370887872	-3.69744062350429	adult	digestive_filaments_2	#D10606
20_Fn#AGAACGCGACTTAAGC	-5.9724403164411	-2.94563484118618	adult	epidermis_2	#06CCD4
20_Fn#AGCAGAGACCCTTTGC	0.81163309597727	0.71530461384617	adult	muscle_tentacle_retractor	#FFD700
20_Fn#AGCTATGACCGAAGCA	3.9437259891009	1.21632289959751	adult	gastro_circular_muscle_2	#73B009
20_Fn#AGGTCAGGAATCAGCT	1.53182958149668	-3.26130151675381	adult	digestive_filaments_2	#D10606
20_Fn#AGTAAGTGAACCGTGC	0.639021501777136	-2.31007814334072	adult	digestive_filaments_3	#AD0303
20_Fn#ATAGAACGACCTGAGC	-1.40426333165411	0.731258393066751	adult	neuron_GATA_Islet_1	#0C82F7
20_Fn#ATGATGGCTAATCGCT	0.253059432742559	-4.78974533007778	adult	digestive_filaments_2	#D10606
20_Fn#ATGCCCGGACTGTACA	-5.4124546787763	-6.684452056152	adult	epidermis_1	#04CCD4
20_Fn#ATTACCTACGCTAATC	-1.10903508877996	-3.06944942401089	adult	digestive_filaments_3	#AD0303
20_Fn#CACGGAAGATCTGTAG	1.03365999543425	1.76531720234715	adult	precursors_PGC	#BEBEBE
20_Fn#CATAGGTACTAATAGG	4.96847240710016	-1.29758310244717	adult	gastro_parietal_muscle	#8CEB10
20_Fn#CATGCAAACAACGCAG	1.39725554072615	-3.00789928363003	adult	digestive_filaments_2	#D10606
20_Fn#CATTGCGCTATGTCCA	-4.31129367566351	1.83697080685459	adult	neuron_Pou4_FoxL2_2	#0B16BF
20_Fn#CCATCCATGGGTTTGT	3.74336569094416	-1.7283186905209	adult	gastro_parietal_muscle	#8CEB10
20_Fn#CCCTCCTTGGACTCGC	4.51589290880915	-0.920616626006736	adult	gastro_parietal_muscle	#8CEB10
20_Fn#CCGTTACTGTAACTCG	1.63837964915987	-3.96088457034267	adult	digestive_filaments_2	#D10606
20_Fn#CCTACTGTGAGGACAC	-1.49290640568975	3.40214818789326	adult	neuron_Pou4_FoxL2_1	#101CDE
20_Fn#CCTTACTCTGGACCTC	4.76031844401118	-2.72345209048427	adult	gastro_parietal_muscle	#8CEB10
20_Fn#CCTTGGTACGAACATA	-3.59561879849676	3.56706094815098	adult	neuron_Pou4_FoxL2_1	#101CDE
20_Fn#CGACAGCACGAAATCA	-5.64836127972845	-6.49970245288052	adult	epidermis_1	#04CCD4
20_Fn#CGACCTTACGTTAGTC	4.37230174326655	-0.0855293266598118	adult	gastro_parietal_muscle	#8CEB10
20_Fn#CGCTGAGTGCAAGGTG	5.13213841700312	0.836842537659036	adult	gastro_circular_muscle_1	#85C90E
20_Fn#CGTACAAACTTCCATT	3.72756402277704	-1.14998006747402	adult	muscle_mesentery_retractor	#F0E229
20_Fn#CGTGGAAGACCTCAAA	5.5695575931048	0.817379475372659	adult	gastro_circular_muscle_1	#85C90E
20_Fn#CGTTTGCTGGTTTGGT	1.45982377314326	-3.12614631579555	adult	digestive_filaments_2	#D10606
20_Fn#CTAATCTTGTTGCAGT	3.91781155848261	1.55216789318882	adult	gastro_parietal_muscle	#8CEB10
20_Fn#CTACAACGACATTCAG	3.65860931658503	2.08064782692753	adult	gastro_circular_muscle_2	#73B009
20_Fn#CTGCTAGCTTTAGCTG	0.645945832965338	-1.3769249908749	adult	digestive_filaments_1	#E33D3D
20_Fn#CTTTCCGGAGAATAGT	-1.53342540478948	-3.50451993868984	adult	digestive_filaments_3	#AD0303
20_Fn#GAAGTATGACGGCACT	-3.72366531110052	3.75952981485687	adult	neuron_Pou4_FoxL2_1	#101CDE
20_Fn#GATCCAAACTTTCTTG	4.99926583552119	-1.07054281161465	adult	gastro_parietal_muscle	#8CEB10
20_Fn#GCGACAAGAAACGCAG	-5.89480169034246	-2.46712636874355	adult	epidermis_2	#06CCD4
20_Fn#GCGTATATGCGATTAC	3.82230059885737	2.188430548447	adult	gastro_circular_muscle_2	#73B009
20_Fn#GCGTGCTGATCTATCT	-1.3588338634992	2.0763472325977	adult	gland	#FF6F08
20_Fn#GCTCGTGGAGCTAATC	-3.94290693021063	1.56609249188267	adult	neuron_Pou4_FoxL2_2	#0B16BF
20_Fn#GGAAGAAGACCTTTGC	-5.53263051724676	-6.61906623767055	adult	epidermis_1	#04CCD4
20_Fn#GGATACTACACCAGTT	-0.990264489414728	2.89420247151219	adult	gland	#FF6F08
20_Fn#GGGAAAGCTACGCGAA	4.6818622806048	0.818078280228006	adult	gastro_circular_muscle_1	#85C90E
20_Fn#GGGAACCCTCCACTTC	1.85241060042139	-3.99826002047695	adult	digestive_filaments_2	#D10606
20_Fn#GGGAACCCTTTGTTTC	-1.19639117932562	-3.18182611392177	adult	digestive_filaments_3	#AD0303
20_Fn#GGGTGAATGGGGTAGT	3.78268258356806	-1.58846187518276	adult	gastro_parietal_muscle	#8CEB10
20_Fn#GGTGTAACTCTGTACA	4.69728009485956	-2.35108756945766	adult	gastro_parietal_muscle	#8CEB10
20_Fn#GGTTCCTTGTGCGTGC	3.02800850653406	-1.72954749987759	adult	gastro_parietal_muscle	#8CEB10
20_Fn#GGTTGTATGGCCCTGA	5.11793439173456	1.98404634072147	adult	gastro_circular_muscle_1	#85C90E
20_Fn#GTAATCGACGCCGTTG	5.56065265917536	1.07951283528172	adult	gastro_circular_muscle_1	#85C90E
20_Fn#GTAATCGTGTGAACAA	-1.77746970868353	-3.62442064212002	adult	digestive_filaments_3	#AD0303
20_Fn#GTACTGAACCTGATCA	1.24268319540974	-2.45156097338833	adult	digestive_filaments_1	#E33D3D
20_Fn#GTCAAGTACAGGTAAT	5.43188755297419	1.93015694691502	adult	gastro_circular_muscle_1	#85C90E
20_Fn#GTGTGATACCGTTATG	-1.30087692952398	1.38586759640537	adult	neuron_GATA_Islet_1	#0C82F7
20_Fn#GTTCTTCCTGCTCTTC	4.16834466242548	1.38664960934483	adult	gastro_parietal_muscle	#8CEB10
20_Fn#GTTCTTCCTGCTGAGA	5.14857785486933	0.757946015137063	adult	gastro_circular_muscle_1	#85C90E
20_Fn#GTTGAAGCTTCCTACC	3.55238072657343	2.32266700341068	adult	gastro_circular_muscle_2	#73B009
20_Fn#TAAGCCAACTGCGTGC	1.55828015589472	-3.94232654498257	adult	digestive_filaments_2	#D10606
20_Fn#TAATGGGCTAGACTTC	-1.28040344929937	0.578987360733377	adult	neuron_GATA_Islet_1	#0C82F7
20_Fn#TACTGTACTGGGTAGT	4.06501858019587	0.605518341797219	adult	gastro_parietal_muscle	#8CEB10
20_Fn#TAGAACCACCAAGGTG	-2.80041320538763	0.163361788528787	adult	neuron_Pou4_FoxL2_3	#1E67E6
20_Fn#TAGAGAAACACAGGTG	-0.909890248539484	2.30947005822025	adult	gland	#FF6F08
20_Fn#TAGCTTTACAAGGCCA	0.416202352282965	-4.15813255236782	adult	digestive_filaments_2	#D10606
20_Fn#TAGGCCTCTCACCTAA	4.09466402315851	-1.04717969821133	adult	muscle_mesentery_retractor	#F0E229
20_Fn#TAGTGCTGACATGCGC	1.12092727505919	0.240744829910623	adult	gastro_IRF1_2	#C1EB05
20_Fn#TAGTTGCGAAACGTAA	4.86018030428644	-0.530875205260886	adult	gastro_parietal_muscle	#8CEB10
20_Fn#TATGCTTTGACCTGCG	-3.04454763150457	3.22193241192661	adult	neuron_Pou4_FoxL2_1	#101CDE
20_Fn#TCCAAAGTGTGCTGTA	3.48950664782282	-0.85339450762905	adult	muscle_mesentery_retractor	#F0E229
20_Fn#TCCCACATGGAGCCTC	-5.25240619397405	-6.06970500872768	adult	epidermis_1	#04CCD4
20_Fn#TCTTCAAACCTAACGT	-5.44492252087835	-6.39147853778042	adult	epidermis_1	#04CCD4
20_Fn#TGAGTAAGATGATCAC	5.42186777376887	1.10811448170506	adult	gastro_circular_muscle_1	#85C90E
20_Fn#TGCCGTGGAACGCCAC	0.498858616588079	-4.56601333544887	adult	digestive_filaments_2	#D10606
20_Fn#TGCGCAGACTTCTGAG	-1.56449539876226	-2.65602683947719	adult	digestive_filaments_3	#AD0303
20_Fn#TGGATTGACGACTCGC	5.48694364809748	0.569596052902566	adult	gastro_circular_muscle_1	#85C90E
20_Fn#TGGTAAGCTAAGCTAA	-2.48275191998724	3.15133720709644	adult	neuron_Pou4_FoxL2_1	#101CDE
20_Fn#TGTGCAATGGAAGGTC	0.741078720328772	-1.57292509005703	adult	digestive_filaments_1	#E33D3D
20_Fn#TTAGCCAGATCATTGG	4.66732733034846	-2.17202472613491	adult	gastro_parietal_muscle	#8CEB10
20_Fn#TTAGCGATGAAACTGA	2.97716002249476	-1.41106605456509	adult	gastro_parietal_muscle	#8CEB10
20_Fn#TTCCTACCTAACCCGC	-0.632965161564387	2.80295312477909	adult	gland	#FF6F08
20_Fn#TTGGAGACTGTTCTCC	4.45396106028315	-2.11239910052456	adult	gastro_parietal_muscle	#8CEB10
20_Fn#TTGTCAACTTACGTTG	-5.21757133221868	-6.64358997271694	adult	epidermis_1	#04CCD4
20_Fn#TTGTTTGTGATCCGTA	-0.728936745884455	0.938392878311502	adult	precursors_endoNPC	#8A8686
20_Fn#TTTACGTACCGACATT	4.59076611780878	-1.63084554598965	adult	gastro_parietal_muscle	#8CEB10
21_Fn#AACTCCCTGTTAGCTG	5.70508997225519	1.60842752529942	adult	gastro_circular_muscle_1	#85C90E
21_Fn#AAGCCATTGGAATAGT	0.95202268743273	1.50235629155003	adult	precursors_PGC	#BEBEBE
21_Fn#ACCAATGACATGTCAC	3.92492906832453	1.85578608586155	adult	gastro_circular_muscle_2	#73B009
21_Fn#ACTCTAGGACCTTCCA	-0.212204291584528	0.741051913040506	adult	precursors_endoNPC	#8A8686
21_Fn#AGAGCAGTGCTCACGG	-6.22796256757025	-2.81702279971279	adult	epidermis_2	#06CCD4
21_Fn#AGATGGGTGGAAGGCT	5.71916525149103	0.59213280751072	adult	gastro_circular_muscle_1	#85C90E
21_Fn#AGCTTGTGAGAATGTA	3.8889803149676	-0.435361861449851	adult	gastro_parietal_muscle	#8CEB10
21_Fn#AGTTTCTTGATGTGGG	1.47322923028227	-2.43582916186489	adult	digestive_filaments_1	#E33D3D
21_Fn#ATACAGGCTCATCTTT	4.43235819124933	-1.86803817675747	adult	gastro_parietal_muscle	#8CEB10
21_Fn#ATAGGAAACGCGGTTC	3.74104826235529	-1.70328092501797	adult	gastro_parietal_muscle	#8CEB10
21_Fn#ATCCTCGACGCCACGT	4.71596567415949	1.60711050106846	adult	gastro_parietal_muscle	#8CEB10
21_Fn#ATGCATCGAGTTGTCA	5.77570669436213	0.844280482071267	adult	gastro_circular_muscle_1	#85C90E
21_Fn#CACATGATGCTGCGGT	0.433088824984991	-1.28170919345058	adult	digestive_filaments_1	#E33D3D
21_Fn#CACCAAATGCAGGCCT	1.15953246587273	-2.18084382937588	adult	digestive_filaments_1	#E33D3D
21_Fn#CACTCTTCTCTCGAGC	1.71625860118624	-3.60649013446011	adult	digestive_filaments_2	#D10606
21_Fn#CAGAAACCTCAATAGA	-3.02549560284857	3.24576723648869	adult	neuron_Pou4_FoxL2_1	#101CDE
21_Fn#CAGTAGTTGACTCGAT	-1.40129525876287	-3.98778772280849	adult	digestive_filaments_3	#AD0303
21_Fn#CATTACACTTACAGCT	5.62917606615778	1.50575423313938	adult	gastro_circular_muscle_1	#85C90E
21_Fn#CATTACTTGGGACAGT	-3.91454513287786	1.72601151539646	adult	neuron_Pou4_FoxL2_2	#0B16BF
21_Fn#CCAAGGAGATTACGAC	5.59257452273127	1.69096303059422	adult	gastro_circular_muscle_1	#85C90E
21_Fn#CCGCTATTGGGACCAA	2.9276309468722	-1.61160898135342	adult	gastro_parietal_muscle	#8CEB10
21_Fn#CCTTCTACTCGCCACA	-1.5263474724317	0.533793688553201	adult	neuron_GATA_Islet_1	#0C82F7
21_Fn#CGTCTTGACCTACTCC	0.736944840190374	-0.42616701052822	adult	digestive_filaments_1	#E33D3D
21_Fn#CGTGTAATGAACCCGC	3.94952266001459	1.55899691655003	adult	gastro_parietal_muscle	#8CEB10
21_Fn#CTTCCTTTGTCCCGTT	0.6620703794932	-0.820526122314109	adult	digestive_filaments_1	#E33D3D
21_Fn#CTTTAGGGATCATGTG	-3.20523984647039	0.197079420822488	adult	neuron_Pou4_FoxL2_3	#1E67E6
21_Fn#GCCATTCACTATGACC	5.36068336748835	1.96664559914433	adult	gastro_circular_muscle_1	#85C90E
21_Fn#GCGAGAATGGCCGCTA	0.719859168765509	-1.49206113742031	adult	digestive_filaments_1	#E33D3D
21_Fn#GCTTTAGGAATCCTAG	0.514133439300024	-1.64645671771206	adult	digestive_filaments_1	#E33D3D
21_Fn#GGGTATGGATTCTCGC	3.62553422236201	-2.50063991473354	adult	gastro_parietal_muscle	#8CEB10
21_Fn#GGTAGCCTGTTGCGCG	-1.41143925404791	0.770241261261331	adult	neuron_GATA_Islet_1	#0C82F7
21_Fn#GGTATACTGAACGAAT	4.5194288947558	-2.54302453921474	adult	gastro_parietal_muscle	#8CEB10
21_Fn#GGTTCACCTAACGTAA	1.7413533785319	-3.29159355090298	adult	digestive_filaments_2	#D10606
21_Fn#GTACATCGACCAGGCT	3.96088068270441	-1.92836666033901	adult	gastro_parietal_muscle	#8CEB10
21_Fn#GTCAAGTACTGTGGGA	4.26302401804682	-2.20740652011074	adult	gastro_parietal_muscle	#8CEB10
21_Fn#GTGCATTGATGCTTGA	3.92640869402643	-0.958993911010398	adult	muscle_mesentery_retractor	#F0E229
21_Fn#TAATTGCCTCTATCTT	5.1912047126269	-0.601469516021384	adult	gastro_parietal_muscle	#8CEB10
21_Fn#TACAACGTGGAATAAC	4.51322572016474	-2.41159963534511	adult	gastro_parietal_muscle	#8CEB10
21_Fn#TAGTTGCGAGTTGTCA	0.319210574862921	-1.24409055636562	adult	digestive_filaments_1	#E33D3D
21_Fn#TATCGATCTACAACAA	-5.10578830456976	-5.84122276232876	adult	epidermis_1	#04CCD4
21_Fn#TCCCAGACTAGCAGGT	5.43228761934992	1.63466072155796	adult	gastro_circular_muscle_1	#85C90E
21_Fn#TCCTACCGACCAGAGA	-5.19149692273382	1.77515196873509	adult	neuron_Pou4_FoxL2_2	#0B16BF
21_Fn#TCCTTAAACAGAGGCT	4.15846102022883	1.09170508457981	adult	gastro_parietal_muscle	#8CEB10
21_Fn#TCTACGAGATACAGAA	5.38864748263117	0.812728405731546	adult	gastro_circular_muscle_1	#85C90E
21_Fn#TGAGAATGATGAGCAG	5.58211796068903	1.84558653904759	adult	gastro_circular_muscle_1	#85C90E
21_Fn#TGAGATAGAAGCAGGT	0.903647468326055	-4.37162303851284	adult	digestive_filaments_2	#D10606
21_Fn#TGAGGTACTTGTTCCC	0.716181264159643	-4.15279579089321	adult	digestive_filaments_2	#D10606
21_Fn#TGCGAATACCGTTAGT	-4.56521995282415	1.75504136158787	adult	neuron_Pou4_FoxL2_2	#0B16BF
21_Fn#TGCGCCAGAAAGACAT	4.75766484522578	-2.40388965533413	adult	gastro_parietal_muscle	#8CEB10
21_Fn#TGCTACGCTCAGCACC	4.68861691736933	-2.51784801409878	adult	gastro_parietal_muscle	#8CEB10
21_Fn#TGTGACTGAGACAAAT	4.79659883761164	-1.19772958682217	adult	gastro_parietal_muscle	#8CEB10
21_Fn#TTAGCCAGAGTTAGGG	-3.77823026395086	3.68309898747765	adult	neuron_Pou4_FoxL2_1	#101CDE
21_Fn#TTCTATGACAAACATG	-5.36821181988958	-6.70390129016079	adult	epidermis_1	#04CCD4
21_Fn#TTGTAACCTTACGTTG	0.452377066848242	-3.97081565783657	adult	digestive_filaments_2	#D10606
21_Fn#TTTCTCGCTACCTTGA	3.89629022860285	-1.08285665438808	adult	muscle_mesentery_retractor	#F0E229
22_Fn#AAGCGCCACTAGGTTC	-2.56723935818914	0.344252587097512	adult	neuron_Pou4_FoxL2_3	#1E67E6
22_Fn#AAGTACCACCAATAGA	-5.9515958569074	-2.80029630587734	adult	epidermis_2	#06CCD4
22_Fn#AATTACCCTCATGCAT	-1.18407018399481	-3.78254556582607	adult	digestive_filaments_3	#AD0303
22_Fn#ACGAGGCCTTTCTGAG	-5.57332618451361	-6.60091686175503	adult	epidermis_1	#04CCD4
22_Fn#ACTCAGAACGCCCTAG	5.31850139879938	-0.910481929046286	adult	gastro_parietal_muscle	#8CEB10
22_Fn#ACTTATCTGAATCTGC	-1.43596298909429	-3.20222854540981	adult	digestive_filaments_3	#AD0303
22_Fn#AGCTCGGACACTAGTC	5.2951664187884	-0.912382125121726	adult	gastro_parietal_muscle	#8CEB10
22_Fn#AGTAGAAACCCACAAT	4.11099569582697	-1.75971031115688	adult	gastro_parietal_muscle	#8CEB10
22_Fn#ATAGGGTCTCTAACGT	2.25050072455164	-0.920432090026511	adult	gastro_somatic_gonad	#BDE314
22_Fn#ATAGGGTCTTGAAAGT	0.984644696948492	-1.18153285906948	adult	digestive_filaments_1	#E33D3D
22_Fn#ATCGAGTTGAATCTGC	-1.66735728001837	3.21351784540974	adult	neuron_Pou4_FoxL2_1	#101CDE
22_Fn#ATCTGCCTGTTGCGCG	0.795293495891058	-1.22262525485195	adult	digestive_filaments_1	#E33D3D
22_Fn#CAAGATAGACTCATCC	3.29361407541987	0.421023846405374	adult	gastro_circular_muscle_1	#85C90E
22_Fn#CAAGCAACTAAAGCTA	3.71159093165156	-0.38709115908779	adult	gastro_parietal_muscle	#8CEB10
22_Fn#CAGCTCACTGTTGGTT	-2.71562535977606	0.176990748184549	adult	neuron_Pou4_FoxL2_3	#1E67E6
22_Fn#CCCTGAACTATTCGGT	-4.86234815335516	1.78037762715183	adult	neuron_Pou4_FoxL2_2	#0B16BF
22_Fn#CCGTCTATGTACAGCT	-2.35666353917364	0.887600899475442	adult	gland	#FF6F08
22_Fn#CCTTCCAGACGGAATG	-2.98353059506658	3.35180175377689	adult	neuron_Pou4_FoxL2_1	#101CDE
22_Fn#CGACGACACAGCAAGC	1.42710414612051	-3.42886018679775	adult	digestive_filaments_2	#D10606
22_Fn#CTATAGCGATACACTG	2.86868099951502	-0.344273566466941	adult	gastro_circular_muscle_1	#85C90E
22_Fn#CTCAATTTGCTGATCA	-1.15514977193121	2.22195351197086	adult	gland	#FF6F08
22_Fn#GAGGCAATGTGATGAA	1.03370089912172	1.67492008282505	adult	precursors_PGC	#BEBEBE
22_Fn#GCACAATACTTACGCA	-1.51831920361761	-2.57616138384975	adult	digestive_filaments_3	#AD0303
22_Fn#GGAGTTACTACTAGTC	-1.64837963795904	3.31904947830998	adult	neuron_Pou4_FoxL2_1	#101CDE
22_Fn#GGAGTTACTCCATAAC	-2.4908443233991	0.97047925068699	adult	neuron_Pou4_FoxL2_3	#1E67E6
22_Fn#GGATCCCGAGTCTGGC	3.8188537814593	-2.02154970095791	adult	gastro_parietal_muscle	#8CEB10
22_Fn#GGCTGACTGGGTGTCC	-4.86699254727606	-3.31928205416836	adult	epidermis_2	#06CCD4
22_Fn#GGGCTTCGACCTGAGC	4.12355010294672	0.471132994430886	adult	gastro_circular_muscle_1	#85C90E
22_Fn#GGGTAGAACTTGCAGT	-5.42916591382269	-6.54696750567593	adult	epidermis_1	#04CCD4
22_Fn#GTCACAAACAGCAATA	0.548575506446325	3.6793995357927	adult	cnidocyte	#FF42FF
22_Fn#GTCACGCGACTTTAGG	-1.44122441029791	0.865852356689798	adult	neuron_GATA_Islet_1	#0C82F7
22_Fn#GTGTGATACCGTAGAG	3.22145025515314	-1.03726959155239	adult	gastro_parietal_muscle	#8CEB10
22_Fn#TACGTTTACTAACCCA	-5.84498317456488	-5.80734443591274	adult	epidermis_1	#04CCD4
22_Fn#TCACACAGACATCCTC	1.3369167306399	-0.561001300079001	adult	digestive_filaments_1	#E33D3D
22_Fn#TCCTTCACTACAACAA	0.464884207484686	3.24689340664707	adult	cnidocyte	#FF42FF
22_Fn#TCGGGTCGACCAACGC	-1.61231954312567	-3.1552019111935	adult	digestive_filaments_3	#AD0303
22_Fn#TGCGCAGACAAGTTCC	1.6562312402701	-3.35311603472866	adult	digestive_filaments_2	#D10606
22_Fn#TTCGTCCGAACTCGAT	-1.67965848660711	3.05028069092594	adult	neuron_Pou4_FoxL2_1	#101CDE
22_Fn#TTCTAGTACCTGGGTC	-2.8314843914533	0.0964298255618679	adult	neuron_Pou4_FoxL2_3	#1E67E6
22_Fn#TTGTCGAGACCAAACT	0.11928086066004	-1.88960838244594	adult	digestive_filaments_3	#AD0303
22_Fn#TTTCGTAACAGCAAGC	-4.81822641110662	1.50763559414707	adult	neuron_Pou4_FoxL2_2	#0B16BF
22_Fn#TTTCTGATGTCCCGTT	0.449687764880621	-1.53136825488247	adult	digestive_filaments_1	#E33D3D
23_Fn#AAGAACCCTGCGGTTC	1.49064216100928	-4.09343767092861	adult	digestive_filaments_2	#D10606
23_Fn#AAGCGCCACGAGAGGG	-1.09450514531378	-3.83835840151943	adult	digestive_filaments_3	#AD0303
23_Fn#AAGTCTTCTGTTGGTT	-3.61644942975286	1.62745714260899	adult	neuron_Pou4_FoxL2_2	#0B16BF
23_Fn#AATAGGAACTGAGCAG	3.5602757194018	2.42270088269077	adult	gastro_circular_muscle_2	#73B009
23_Fn#ACCTACCTGGTTGTCA	4.01112882876154	-1.66259479449428	adult	gastro_parietal_muscle	#8CEB10
23_Fn#ACGATAGCTCCAAGTT	-3.81397636151556	3.73121723605953	adult	neuron_Pou4_FoxL2_1	#101CDE
23_Fn#ACTTATCACGCCCAAC	-0.688515140774286	2.47869443966709	adult	gland	#FF6F08
23_Fn#AGACCATTGGTTAGGG	0.942170754907095	0.828637839096414	adult	muscle_tentacle_retractor	#FFD700
23_Fn#AGAGACCGAGCCCTAG	-1.67553861356024	2.99724650456272	adult	neuron_Pou4_FoxL2_1	#101CDE
23_Fn#AGCTTCCACTGGTCCG	2.53856985354182	-0.536824702483786	adult	gastro_circular_muscle_1	#85C90E
23_Fn#AGGAATTGATCGGGCT	-0.983862235310114	-2.43941545413174	adult	epidermis_2	#06CCD4
23_Fn#ATTCCAGGACGACATT	5.66569225573298	0.739561558502542	adult	gastro_circular_muscle_1	#85C90E
23_Fn#CAAGGGTGAGAATAAC	-5.15965230679754	-2.06003808901943	adult	precursors_NPC	#636363
23_Fn#CAGACTCCTCCACATA	-1.53862722134832	3.35830938889347	adult	neuron_Pou4_FoxL2_1	#101CDE
23_Fn#CATTACTTGCCCGCAA	-3.74002416348699	3.73229414297901	adult	neuron_Pou4_FoxL2_1	#101CDE
23_Fn#CCCGGAAACGCATGAG	0.425874338386022	3.05264014078938	adult	cnidocyte	#FF42FF
23_Fn#CGACATCCTATCATCG	-1.14017160153631	1.69528651310764	adult	neuron_GATA_Islet_1	#0C82F7
23_Fn#CGCTGAGTGTTCTGGA	-2.20703537678961	2.50500476433598	adult	neuron_Pou4_FoxL2_1	#101CDE
23_Fn#CTTATTGTGTTGTACG	-5.31844051099066	-5.89834308550991	adult	epidermis_1	#04CCD4
23_Fn#GAGGTCCTGTAATAGG	-2.48328097081426	3.08990818335377	adult	neuron_Pou4_FoxL2_1	#101CDE
23_Fn#GCGTTCTACACAACAA	3.56728355669733	-1.47790861056484	adult	gastro_parietal_muscle	#8CEB10
23_Fn#GCTCGTGGAGTTTACG	-4.56183059430364	-2.96072769091762	adult	epidermis_2	#06CCD4
23_Fn#GCTTCTGACATCTGTG	-5.58497102475408	-3.80992364810146	adult	epidermis_2	#06CCD4
23_Fn#GGGTATACTCGAGGAT	1.06464500808474	1.80297374798618	adult	precursors_PGC	#BEBEBE
23_Fn#GTACCGGACGCTCCTT	3.35854856753107	2.26571893765293	adult	gastro_circular_muscle_2	#73B009
23_Fn#GTATTCACTTTCTGAG	3.88159315371271	-2.20013570712246	adult	gastro_parietal_muscle	#8CEB10
23_Fn#GTCAAGTACCCGGACT	0.335058079001867	-1.26289176867641	adult	digestive_filaments_1	#E33D3D
23_Fn#TACACTACTAGCTTTG	3.49441997790095	0.399006367462503	adult	gastro_circular_muscle_1	#85C90E
23_Fn#TACCACCTGCTGCCAG	-5.28433473325018	-5.37028121874966	adult	epidermis_1	#04CCD4
23_Fn#TAGTACCGAGAAGGCT	-4.80189950680975	-1.83042621539272	adult	precursors_NPC	#636363
23_Fn#TCCTAATTGTCGTCAA	5.65808002733942	1.34894204212986	adult	gastro_circular_muscle_1	#85C90E
23_Fn#TCTTTAGACAATAGCA	-3.06677682614569	3.22616982533299	adult	neuron_Pou4_FoxL2_1	#101CDE
23_Fn#TTGGTATCTCCTTCCA	-1.54144890523199	2.29443454815708	adult	neuron_GATA_Islet_2	#1175F0
24_Fn#AAACTCCGACGTGCAC	-2.43188007092718	1.27940678669773	adult	gland	#FF6F08
24_Fn#AAATGCGCTCCAAACT	4.30381266855952	-2.55152368472256	adult	gastro_parietal_muscle	#8CEB10
24_Fn#AACCCTCACTCATTGG	2.98389594340082	-1.48416137622036	adult	gastro_parietal_muscle	#8CEB10
24_Fn#ACTCGCTACTTTCTGT	-0.555089785816706	-2.17132997439541	adult	digestive_filaments_3	#AD0303
24_Fn#AGATGGGTGCTACTCC	4.61761395716425	-2.46232986376919	adult	gastro_parietal_muscle	#8CEB10
24_Fn#AGCTCTGCTCAGATTC	-5.52557904935125	-3.945034503204	adult	epidermis_2	#06CCD4
24_Fn#AGGGACATGCGAGTGA	0.152025387523138	-4.54496478961147	adult	digestive_filaments_2	#D10606
24_Fn#AGTGGTACTCGATTGT	-2.621629550221	3.260915816563	adult	neuron_Pou4_FoxL2_1	#101CDE
24_Fn#ATGGGTTACTGTTGTG	0.503929422137701	-4.34801101611294	adult	digestive_filaments_2	#D10606
24_Fn#CAATCAGACCGTTCTC	-2.46795828557257	3.13373524023853	adult	neuron_Pou4_FoxL2_1	#101CDE
24_Fn#CATGCAAACTGGTGAG	0.950046882865393	1.70538735462986	adult	precursors_PGC	#BEBEBE
24_Fn#CATTAGTCTCTTAAGC	-4.57354886746649	1.49451828076206	adult	neuron_Pou4_FoxL2_2	#0B16BF
24_Fn#CCAACGGTGAATCGCT	0.153003738162481	3.19894850327335	adult	neuron_Pou4_FoxL2_2	#0B16BF
24_Fn#CCCGGAAACCTTGAAC	-5.09911353802923	-6.53752994464077	adult	epidermis_1	#04CCD4
24_Fn#CCTCACATGATGAATG	-0.748570277454889	-2.88018608019985	adult	digestive_filaments_3	#AD0303
24_Fn#CTATAGCGAGCTGTTA	0.639348850486242	-2.38625574038662	adult	digestive_filaments_2	#D10606
24_Fn#CTATTCAACACGAGCA	3.42066519045588	0.419722557800637	adult	gastro_circular_muscle_1	#85C90E
24_Fn#CTGCGAGTGCGACAAG	-3.0886021397138	3.06290531231724	adult	neuron_Pou4_FoxL2_1	#101CDE
24_Fn#CTTCCTTTGAGCAAGC	-5.51749522900823	-2.67496967242397	adult	epidermis_2	#06CCD4
24_Fn#GGAACTACTAATCCGT	-1.71969659543279	-2.89685821459927	adult	digestive_filaments_3	#AD0303
24_Fn#GGAAGCCCTACCGTTA	-2.0066941521192	3.18530738427006	adult	neuron_Pou4_FoxL2_1	#101CDE
24_Fn#GGGCTTCGAAGGTGAC	-5.5810862324262	-3.45830917285122	adult	epidermis_2	#06CCD4
24_Fn#GGGTGAAACTAACCCA	1.74716784143206	-3.9247388832394	adult	digestive_filaments_2	#D10606
24_Fn#GGTCGTTCTCAATGAA	-0.284673406841791	0.872309447067605	adult	precursors_endoNPC	#8A8686
24_Fn#GGTGCGTTGCAAGGTG	-2.31393106198553	2.9634155638393	adult	neuron_Pou4_FoxL2_1	#101CDE
24_Fn#GTATTCTACCAGCACC	-1.44719011998419	0.925194741028177	adult	neuron_GATA_Islet_1	#0C82F7
24_Fn#GTTGCTAGATATGACC	-0.892211987736262	-3.05210828707851	adult	digestive_filaments_3	#AD0303
24_Fn#TACATTGCTACAACAA	-4.97760017133001	1.95859372689091	adult	neuron_Pou4_FoxL2_2	#0B16BF
24_Fn#TACTGGCCTTGCGTGC	5.18813841128107	1.92667126728855	adult	gastro_circular_muscle_1	#85C90E
24_Fn#TCAAAGGCTAACCCGC	3.6160606601214	2.21947193219029	adult	gastro_circular_muscle_2	#73B009
24_Fn#TCAATCGGAACACAAA	0.618408904311621	-4.36715221331753	adult	digestive_filaments_2	#D10606
24_Fn#TCCGAGCGAGTCTTGA	2.51964895510432	-0.895562648040427	adult	gastro_somatic_gonad	#BDE314
24_Fn#TCGCGGAACAAATGCA	-5.2969122669721	-6.26705837176479	adult	epidermis_1	#04CCD4
24_Fn#TGCTGAAACGGTATGG	-1.54263360715154	3.28670424296223	adult	neuron_Pou4_FoxL2_1	#101CDE
24_Fn#TTCAAGTCTTGCTGTA	0.43631194615122	3.87008395305537	adult	cnidocyte	#FF42FF
24_Fn#TTGGTATCTTGTTCCC	0.702487275836431	-1.06184577868618	adult	digestive_filaments_1	#E33D3D
25_Fn#AGGTGATCTCGAAAGC	3.20168201708552	0.198699951904641	adult	gastro_circular_muscle_1	#85C90E
25_Fn#AGTTCACGACCGTTAA	4.87785284304377	1.76732730938755	adult	gastro_parietal_muscle	#8CEB10
25_Fn#CAATCGCCTTACACTG	1.89013068461176	-1.08106231616177	adult	gastro_somatic_gonad	#BDE314
25_Fn#CACCCATACCCACAAT	1.62929608011004	-3.46122407839931	adult	digestive_filaments_2	#D10606
25_Fn#CTGGTGGACTTTGTCT	-5.39690883374456	-5.99493122027553	adult	epidermis_1	#04CCD4
25_Fn#GCAACTTGATAGCAGG	3.51929013514277	2.47643303944431	adult	gastro_circular_muscle_2	#73B009
25_Fn#GGGGGGGGGGGGGGGG	2.03523276829478	-0.585363864165915	adult	gastro_circular_muscle_1	#85C90E
25_Fn#TAGCAGACTTCATTTC	4.51278750681635	-2.13236427233852	adult	gastro_parietal_muscle	#8CEB10
25_Fn#TCGCTGGGATCCAGCG	-4.45328052258734	-2.72084522174038	adult	epidermis_2	#06CCD4
25_Fn#TCTATGGGAGGAGTCA	5.2742079951739	-0.421511172515525	adult	gastro_parietal_muscle	#8CEB10
25m_PFA#AGTGCATTGCCAGGCT	-1.14786203122381	2.4097714431461	adult	gland	#FF6F08
25m_PFA#GAGTTGACTGAATCTC	-2.67702539181951	0.453334570663797	adult	neuron_Pou4_FoxL2_3	#1E67E6
25m_PFA#GCAAACTACCAATGAA	-5.28634603238348	-3.28168058322109	adult	epidermis_2	#06CCD4
25m_PFA#GCATCTCTGAAGCTAA	-1.27523930287603	-3.46144771502651	adult	digestive_filaments_3	#AD0303
25m_PFA#TCGACTCACGCCGCTA	-3.16120679593328	0.445556164520608	adult	neuron_Pou4_FoxL2_3	#1E67E6
25m_PFA#TGGAACACTAGCAGGT	-4.71620233273748	1.80223989559971	adult	neuron_Pou4_FoxL2_2	#0B16BF
26_Fn#AAGACAAACTCCTACC	3.05709831499811	-0.759312152129783	adult	gastro_circular_muscle_1	#85C90E
26_Fn#AAGCGTGGAGAATTGA	2.47599296355005	0.160723925369607	adult	gastro_circular_muscle_1	#85C90E
26_Fn#AATGGTGCTAAGACAT	0.7701046028113	1.37562871052586	adult	precursors_PGC	#BEBEBE
26_Fn#ACCTCGTTGCGTTCTC	3.42111007952448	-0.9043269150082	adult	gastro_parietal_muscle	#8CEB10
26_Fn#ACGCTCTTGCTGAGAG	3.29241721415278	2.45689368321262	adult	gastro_circular_muscle_2	#73B009
26_Fn#AGCGCAAGACAGTCCG	5.84809915804621	1.31049037052952	adult	gastro_circular_muscle_1	#85C90E
26_Fn#AGCGCCTGATAGGCGA	1.62359087252375	-3.28997659609951	adult	digestive_filaments_2	#D10606
26_Fn#AGGGCGTCTCTCATTT	3.34235589289423	2.35278081967198	adult	gastro_circular_muscle_2	#73B009
26_Fn#ATATTCGCTAATCCTG	-4.70476825452093	-1.78862047122158	adult	precursors_NPC	#636363
26_Fn#CAATTCGGAGTTGACT	0.854831949708425	0.810615540283548	adult	muscle_tentacle_retractor	#FFD700
26_Fn#CAGGGCACTCATCCTC	3.65977971338984	0.356745720642434	adult	gastro_circular_muscle_1	#85C90E
26_Fn#CAGTCCGGATTACGCA	-0.840811326267756	2.89625781847798	adult	gland	#FF6F08
26_Fn#CCCAGGATGGGGATTG	-5.17943484997991	1.68819999768101	adult	neuron_Pou4_FoxL2_2	#0B16BF
26_Fn#CCCTTGCCTGCGGTAA	3.40459697031733	2.21135163380467	adult	gastro_circular_muscle_2	#73B009
26_Fn#CCGTTGTACCATCTTT	0.42033682846781	3.79880324824415	adult	cnidocyte	#FF42FF
26_Fn#CGACAGCACTGCGCCA	5.18939893030878	-0.657329558593406	adult	gastro_parietal_muscle	#8CEB10
26_Fn#CGATCAAACTGCTACA	-1.0085285446668	-3.17886733935512	adult	digestive_filaments_3	#AD0303
26_Fn#CGGAATTTGTCTGTGA	3.38136451029536	-1.71871232913174	adult	gastro_parietal_muscle	#8CEB10
26_Fn#CGGTCTACTTCATGTG	0.656140671012365	-1.63516616748012	adult	digestive_filaments_1	#E33D3D
26_Fn#CGTGTCTACACCATGT	-1.16102655148748	2.49533402993046	adult	gland	#FF6F08
26_Fn#CTATCTATGATCAGCT	5.32905666613337	-0.705757140380515	adult	gastro_parietal_muscle	#8CEB10
26_Fn#GAGAGTGACGAAATCA	3.74669163012263	2.02633249832951	adult	gastro_circular_muscle_2	#73B009
26_Fn#GGCGTTTCTTCGTAAC	1.60042737507578	-0.862650393706931	adult	gastro_somatic_gonad	#BDE314
26_Fn#GTAATCGTGAATCTGC	-1.69055898404363	2.06313490940891	adult	neuron_Pou4_FoxL2_1	#101CDE
26_Fn#GTTAGTTCTGGTGTCC	-1.69144232487921	-3.76798963473476	adult	digestive_filaments_3	#AD0303
26_Fn#TAACGCATGGTCCCAG	4.861205265758	-1.01661777423061	adult	gastro_parietal_muscle	#8CEB10
26_Fn#TAACTCACTTGACCTA	-5.27546413159613	-6.24892902300991	adult	epidermis_1	#04CCD4
26_Fn#TACCTTCCTGAACCTT	0.355976925132238	3.57311466409527	adult	cnidocyte	#FF42FF
26_Fn#TAGCTCGCTGTTTGGT	0.510358617541754	-3.73960304186977	adult	digestive_filaments_2	#D10606
26_Fn#TAGGCCTCTACTAGGG	2.84454839014765	0.160449982422219	adult	gastro_circular_muscle_1	#85C90E
26_Fn#TAGTGAAGAGAGCCTC	-5.53156049466375	-6.53995609210171	adult	epidermis_1	#04CCD4
26_Fn#TCCGACACTCCTATCC	5.22498647951838	-0.784399031860007	adult	gastro_parietal_muscle	#8CEB10
26_Fn#TCTTCCTTGATTGGTC	3.79266254687067	0.0179917819675075	adult	gastro_parietal_muscle	#8CEB10
26_Fn#TGAATGCACCCGTGAC	-5.43110091901068	-2.42708396838344	adult	epidermis_2	#06CCD4
26_Fn#TGAGGTACTCGGTACC	0.533038244483435	3.48919305278622	adult	cnidocyte	#FF42FF
26_Fn#TGCTCGACTAAACTGA	0.897527472016775	-0.261314391357077	adult	digestive_filaments_1	#E33D3D
26_Fn#TGGAACACTGAACGTG	-5.18636710858587	1.39698863102757	adult	neuron_Pou4_FoxL2_2	#0B16BF
26_Fn#TGGATTGACGAAGTTA	5.5050896861529	1.03301215245091	adult	gastro_circular_muscle_1	#85C90E
26_Fn#TGTAACGTGCGACAAG	-0.928747966053522	-3.5113039009396	adult	digestive_filaments_3	#AD0303
26_Fn#TTATCGACTACCATGT	-3.27869994855169	0.25382304264866	adult	neuron_Pou4_FoxL2_3	#1E67E6
26_Fn#TTCTAGTACCTCATCC	0.549121783015692	-1.49889850543178	adult	digestive_filaments_1	#E33D3D
27_Fn#AACGAGGTGGCCCTAG	-1.1772685787702	-3.06540012286343	adult	digestive_filaments_3	#AD0303
27_Fn#AATGGCTACGTTTGGT	2.69165866160151	-1.14019727633633	adult	gastro_somatic_gonad	#BDE314
27_Fn#AATGGGTCTAAGTTAG	2.40565113806483	-1.31867217944302	adult	gastro_somatic_gonad	#BDE314
27_Fn#ACCTCCATGGGTGCAA	-1.33694823003057	2.16252291275822	adult	gland	#FF6F08
27_Fn#ACCTCGTTGTTGCAGT	-0.689801766636408	-2.74734306262173	adult	digestive_filaments_3	#AD0303
27_Fn#ACTCAGAACAAACTGA	3.97147648119684	-1.65460348055996	adult	gastro_parietal_muscle	#8CEB10
27_Fn#AGCAACTTGAAGTAAC	3.53145067476984	0.39468431546055	adult	gastro_circular_muscle_1	#85C90E
27_Fn#CATGATGTGAACGTAA	0.369481370685064	-4.26828670428432	adult	digestive_filaments_2	#D10606
27_Fn#CCCTATCGACTTGTGA	-2.57792551732305	0.635493756073343	adult	neuron_Pou4_FoxL2_3	#1E67E6
27_Fn#CCTACGTACCCAAGTT	-1.53973419881109	-3.87231492922939	adult	digestive_filaments_3	#AD0303
27_Fn#CCTATCGACCGGCTCA	4.46187178873774	-1.99048995898403	adult	gastro_parietal_muscle	#8CEB10
27_Fn#CCTTACTCTTCGTCCT	1.05781675958391	0.700489521759378	adult	muscle_tentacle_retractor	#FFD700
27_Fn#CCTTCTTTGACAGGTG	5.40068046831843	1.95854580475651	adult	gastro_circular_muscle_1	#85C90E
27_Fn#CCTTGGTACTCATGTG	2.90229539656397	-1.49430179522671	adult	gastro_parietal_muscle	#8CEB10
27_Fn#CGACGTTCTTAATCGC	-1.55946190572027	-3.60901975558437	adult	digestive_filaments_3	#AD0303
27_Fn#CTAACTGGAATGTGGG	-1.44345743870977	-2.92320918963589	adult	digestive_filaments_3	#AD0303
27_Fn#CTACCTCGATGGAACG	4.85801975512263	-1.05698680804409	adult	gastro_parietal_muscle	#8CEB10
27_Fn#CTCACGACTTATCTGG	-4.59072787976507	-1.69257497714199	adult	precursors_NPC	#636363
27_Fn#CTCTTTCTGACCTTGA	0.3827655174708	-0.993728636962546	adult	digestive_filaments_1	#E33D3D
27_Fn#CTTAGATCTAATCTGC	2.62168066286799	-1.00473403857387	adult	gastro_somatic_gonad	#BDE314
27_Fn#CTTGCGTTGTCAATGC	-5.42691428876165	-6.68472289965786	adult	epidermis_1	#04CCD4
27_Fn#GCACTCACTGCGCAAA	-0.277167393925226	-2.32945203707851	adult	digestive_filaments_3	#AD0303
27_Fn#GCTACGGACAACTAGA	0.407651708362066	-1.39852857516445	adult	digestive_filaments_1	#E33D3D
27_Fn#GCTAGATACCGAGTTT	2.50814156317469	0.55383730007969	adult	gastro_circular_muscle_2	#73B009
27_Fn#GCTATTGGAGGCCAAA	-1.79556853986029	0.895345927017556	adult	neuron_GATA_Islet_1	#0C82F7
27_Fn#GGACGAATGATCGGTT	0.564540074107611	-4.64716052935757	adult	digestive_filaments_2	#D10606
27_Fn#GGCGTACACTGGGCAA	2.60999922537562	-1.15456104205288	adult	gastro_somatic_gonad	#BDE314
27_Fn#GGGTTCTCTTTGCGCG	-4.53880794263128	-1.71538591311611	adult	precursors_NPC	#636363
27_Fn#TGCATGCCTTACAGCT	4.73060385966059	-2.27454280779995	adult	gastro_parietal_muscle	#8CEB10
27_Fn#TGCCGTGGACGATTCA	-3.08575542187933	3.10788732840382	adult	neuron_Pou4_FoxL2_1	#101CDE
27_Fn#TGTACGATGGAGTAAT	0.95650322818514	1.70258879734837	adult	precursors_PGC	#BEBEBE
27_Fn#TTCCTAAACCATAGCT	-1.47655685162786	1.47626829220616	adult	neuron_GATA_Islet_1	#0C82F7
27_Fn#TTGCGATGAGCTACGC	0.999755755898916	1.67309403492771	adult	precursors_PGC	#BEBEBE
28_Elav#AAGTGACCTATCATGC	-1.30140812611822	0.877925635116922	adult	neuron_GATA_Islet_1	#0C82F7
28_Elav#AGAGCAGTGTAAAGCA	3.24615268492457	1.91964554859959	adult	gastro_circular_muscle_2	#73B009
28_Elav#AGTTTGCGATGTGCTA	2.83806447767969	1.06937575413548	adult	gastro_circular_muscle_2	#73B009
28_Elav#ATCACGATGGAAGGCT	2.85546617293116	-0.0199766151729954	adult	gastro_circular_muscle_1	#85C90E
28_Elav#ATTTCGACTGACCGAA	-1.08208234524969	1.67927360607945	adult	neuron_GATA_Islet_2	#1175F0
28_Elav#CACTATACTCTCTGGG	5.1888784625506	0.652564049499856	adult	gastro_circular_muscle_1	#85C90E
28_Elav#CTGACGTCTGTGGTGA	-1.38226802563909	0.428478003280984	adult	neuron_GATA_Islet_1	#0C82F7
28_Elav#GATACCATGCATGCAT	-1.10612447476629	0.414263487594949	adult	neuron_GATA_Islet_1	#0C82F7
28_Elav#GCGTCTTTGGTACACT	4.9830908038592	1.05673885418736	adult	gastro_circular_muscle_1	#85C90E
28_Elav#GGATATAGACAGCTGC	5.39903299593683	0.621232510345803	adult	gastro_circular_muscle_1	#85C90E
28_Elav#GTAAACAGAGAAGTTA	-1.13026030278448	1.35610294415318	adult	neuron_GATA_Islet_1	#0C82F7
28_Elav#TAGGACTTGAGGTCCC	-0.929410769703425	1.7882988460239	adult	neuron_GATA_Islet_2	#1175F0
28_Elav#TCATTGGGAGAAGTTA	-0.42634434914831	0.932358504074441	adult	precursors_endoNPC	#8A8686
28_Elav#TGGGCGTACCGAGTGA	-2.37607152676824	0.642977238434182	adult	neuron_Pou4_FoxL2_3	#1E67E6
28_Elav#TTTAGGGACGTTAGAA	-2.12459213948492	2.49487710072361	adult	neuron_Pou4_FoxL2_1	#101CDE
29_Elav#AGAGTAATGCCTCCTA	0.585075662372076	3.1661686308559	adult	cnidocyte	#FF42FF
29_Elav#AGTTTCACTAGCTTTG	-2.85381133771185	0.835287333267556	adult	neuron_Pou4_FoxL2_3	#1E67E6
29_Elav#ATGTCCAGAATAGGTA	3.05293290400263	0.109512329834329	adult	gastro_circular_muscle_1	#85C90E
29_Elav#CAAAGGGTGCGACACC	-2.04907710767034	1.21202516629063	adult	neuron_GATA_Islet_1	#0C82F7
29_Elav#CCTATCCGACGGTACC	-0.986009909870661	1.90278089119755	adult	gland	#FF6F08
29_Elav#CCTGTTGACATCCTAG	-2.85563714719061	3.01438480688892	adult	neuron_Pou4_FoxL2_1	#101CDE
29_Elav#GCGTTAATGTTCGGGC	2.69665555739161	0.944087506073343	adult	gastro_circular_muscle_2	#73B009
29_Elav#GGAATGGTGTACAGAA	-1.70553286290411	1.09510350300633	adult	neuron_GATA_Islet_1	#0C82F7
29_Elav#GTGTTGTGAAAAGTAC	-5.42976529813055	-5.52446937487759	adult	epidermis_1	#04CCD4
29_Elav#TAAGCTGTGGTTAGAA	-1.43328244900946	2.08006131722294	adult	gland	#FF6F08
29_Elav#TACCCGTTGTGCGGCT	5.05540005945917	1.40185546948277	adult	gastro_circular_muscle_1	#85C90E
29_Elav#TACGTTTACTTGTACG	-1.46938641286138	1.61971759869419	adult	neuron_GATA_Islet_1	#0C82F7
29_Elav#TGAGGAGTGTCGCTAA	3.71373026156183	-0.406300067168845	adult	gastro_parietal_muscle	#8CEB10
29_Elav#TGCCGGAACGTACGTT	-1.82145340657476	1.04856658055149	adult	neuron_GATA_Islet_1	#0C82F7
29_Elav#TGTACTGGAAATCCAC	-1.30425102925543	0.803683996933328	adult	neuron_GATA_Islet_1	#0C82F7
29_Elav#TTGTTTGTGTGTTCCC	4.85527651095148	0.507587195175515	adult	gastro_circular_muscle_1	#85C90E
29_Elav#TTTCGTAACTCTGCAA	-4.54484374737982	1.79257059170567	adult	neuron_Pou4_FoxL2_2	#0B16BF
3_FixSor#ACGACGCTGACAGATA	-5.55805213666204	-6.3452939979855	adult	epidermis_1	#04CCD4
3_FixSor#AGCCAATTGCGTGCAC	-0.918591811420954	2.84794712139927	adult	gland	#FF6F08
3_FixSor#AGTCACAACTTCGTTT	0.240757987735235	-4.52352237628139	adult	digestive_filaments_2	#D10606
3_FixSor#AGTCCTGCTCTCACTC	-4.71855647778753	2.00551593376957	adult	neuron_Pou4_FoxL2_2	#0B16BF
3_FixSor#AGTTCACGACCACAAT	-0.839052273991144	2.69339335038029	adult	gland	#FF6F08
3_FixSor#AGTTTGCGATGTTCCC	-2.93008144116644	0.749743939178811	adult	neuron_Pou4_FoxL2_3	#1E67E6
3_FixSor#ATCCCGACTAGTTGAA	-5.55398423886541	-6.16019439623989	adult	epidermis_1	#04CCD4
3_FixSor#ATCGGCGTGCTTTAGG	-3.52774341321234	3.57053813411556	adult	neuron_Pou4_FoxL2_1	#101CDE
3_FixSor#ATGCATCGACCAACGC	5.74682895922419	0.748631478088723	adult	gastro_circular_muscle_1	#85C90E
3_FixSor#ATGGCTATGCGATGTT	-5.97789342618231	-2.50865650103725	adult	epidermis_2	#06CCD4
3_FixSor#CAATGCCCTCTTAGTG	4.40869157099482	-1.53575229571499	adult	gastro_parietal_muscle	#8CEB10
3_FixSor#CATTCTATGTAGCAGG	-1.22275407529119	-3.77324771807827	adult	digestive_filaments_3	#AD0303
3_FixSor#CCAGGCAACTCCGTAA	-4.54013641095404	1.79585528446995	adult	neuron_Pou4_FoxL2_2	#0B16BF
3_FixSor#CCATTGCTGAGTCGGA	0.161744044063055	-2.07278585360683	adult	digestive_filaments_3	#AD0303
3_FixSor#CCCATGTACTACAGAA	-5.05911548352484	-3.29665326998867	adult	epidermis_2	#06CCD4
3_FixSor#CCGCTAACTGGACACA	-4.59137113309149	1.72059965206944	adult	neuron_Pou4_FoxL2_2	#0B16BF
3_FixSor#CGATATTCTGCACCCA	-1.39073951459173	2.53848278595768	adult	gland	#FF6F08
3_FixSor#CGCTTCAACAAGACAT	-1.56025846219305	-3.70184516833462	adult	digestive_filaments_3	#AD0303
3_FixSor#CGGGACACTAATGCTC	0.951144293782675	0.606897116440164	adult	muscle_tentacle_retractor	#FFD700
3_FixSor#CGTCTTGACCATACTG	-1.32760913586859	-3.61450052188076	adult	digestive_filaments_3	#AD0303
3_FixSor#CGTGGAAGATGTGCTA	-5.16870172238592	1.61906170918308	adult	neuron_Pou4_FoxL2_2	#0B16BF
3_FixSor#GAAAGTAACCGATTAC	-1.16823895192388	0.614356280105935	adult	neuron_GATA_Islet_1	#0C82F7
3_FixSor#GAGAGAAGAAGTCTAC	-0.880524470570124	-3.26271676943935	adult	digestive_filaments_3	#AD0303
3_FixSor#GCGCGATACCGTTATG	0.778082088468038	-0.512052058440818	adult	digestive_filaments_1	#E33D3D
3_FixSor#GGCGTTTCTGCCAGCT	-2.59253437733892	0.921616078155862	adult	neuron_Pou4_FoxL2_3	#1E67E6
3_FixSor#GTAGTGGGACCTAGGC	-0.320399834873713	0.790123940246926	adult	precursors_endoNPC	#8A8686
3_FixSor#GTCGAAGGATGCATCA	-4.87703569150213	-1.95785808489956	adult	precursors_NPC	#636363
3_FixSor#GTTGCTAGAGTGAGCA	-1.29147966122869	-3.77434015200771	adult	digestive_filaments_3	#AD0303
3_FixSor#TAACGAGCTGCGTATT	-5.73359639859442	-6.1932239525143	adult	epidermis_1	#04CCD4
3_FixSor#TACAACGTGTACCTGA	1.94601301932093	-3.37128114627041	adult	digestive_filaments_2	#D10606
3_FixSor#TACTAACCTTACCTGA	0.0376899697756403	-4.80112171099819	adult	digestive_filaments_2	#D10606
3_FixSor#TAGTCGCCTAGCTTGT	0.51201276564356	-3.63703870700039	adult	digestive_filaments_2	#D10606
3_FixSor#TAGTGAAGATCATGCA	-0.466396286251581	-3.61835479663052	adult	digestive_filaments_3	#AD0303
3_FixSor#TCAAAGGCTTACACTG	0.357411668536627	-3.96294259951748	adult	digestive_filaments_2	#D10606
3_FixSor#TCAACATCTTAATCGC	-2.59894926762823	3.05384868456684	adult	neuron_Pou4_FoxL2_1	#101CDE
3_FixSor#TCAGCCGGAACCTAGT	-4.93845184064154	1.44238209797703	adult	neuron_Pou4_FoxL2_2	#0B16BF
3_FixSor#TCGACTCTGCTAACGT	0.234979198214971	-1.31804084704555	adult	digestive_filaments_1	#E33D3D
3_FixSor#TCTGGCTTGTAAGTAG	0.198947355983221	-4.73519134448208	adult	digestive_filaments_2	#D10606
3_FixSor#TCTTGAGGAACCAGTT	0.639727041957342	3.73880103303753	adult	cnidocyte	#FF42FF
3_FixSor#TGCGTCTACAGGTGCA	-3.63282401776556	3.53574952556454	adult	neuron_Pou4_FoxL2_1	#101CDE
3_FixSor#TGCTGCTACATGTGGG	-1.31542189336065	-3.5035119049374	adult	digestive_filaments_3	#AD0303
3_FixSor#TGGAGTTACTACCTGA	2.32056371950861	-0.440394400817527	adult	gastro_circular_muscle_1	#85C90E
3_FixSor#TGGGCGTACTACTTTC	1.17566390418764	-2.37954950259365	adult	digestive_filaments_1	#E33D3D
3_FixSor#TGTAACGTGAGTCTAC	-3.17123468137029	0.043836594360696	adult	neuron_Pou4_FoxL2_3	#1E67E6
3_FixSor#TTCAAGCGACCCGAGT	0.509981677768194	-1.56680059359707	adult	digestive_filaments_1	#E33D3D
3_FixSor#TTGGCAAACTGACTCA	3.50542084955927	2.37224316670262	adult	gastro_circular_muscle_2	#73B009
3_FixSor#TTGTACTACACCAAGG	-4.48970515942816	1.62058639599644	adult	neuron_Pou4_FoxL2_2	#0B16BF
30_Elav#AAACGACCTAGACAAT	-2.63145263409857	0.264769793289529	adult	neuron_Pou4_FoxL2_3	#1E67E6
30_Elav#AAGAAACACGTACACT	3.49391357683893	2.05922448708378	adult	gastro_circular_muscle_2	#73B009
30_Elav#ACCAATGACGCTGGCT	-5.84271819806341	-5.86554431842007	adult	epidermis_1	#04CCD4
30_Elav#AGATGTAGATACTTTC	-2.58847625470404	0.96019077374302	adult	neuron_Pou4_FoxL2_3	#1E67E6
30_Elav#ATAGAACGACGAGGTA	-2.73199947095159	0.883521080749856	adult	neuron_Pou4_FoxL2_3	#1E67E6
30_Elav#CAGTGGAGATGTTCCC	-1.30881483769659	0.672466994064676	adult	neuron_GATA_Islet_1	#0C82F7
30_Elav#CGAGAGATGTAATGCC	-0.366229011776484	0.855069399612771	adult	precursors_endoNPC	#8A8686
30_Elav#CTACTCTCTCTCTGGG	4.95813672327753	-0.638875960570945	adult	gastro_parietal_muscle	#8CEB10
30_Elav#GGCTCAGACAATCGCT	-2.31047089314703	2.88611018730961	adult	neuron_Pou4_FoxL2_1	#101CDE
30_Elav#GGTGAGATGGAATCTC	3.29414741778132	1.81306195332371	adult	gastro_circular_muscle_2	#73B009
30_Elav#TAGGATAGATTGACAC	-4.65135152554754	1.59413623883091	adult	neuron_Pou4_FoxL2_2	#0B16BF
30_Elav#TGATAGAGAACCAGTT	0.767939195868933	0.814540386932718	adult	muscle_tentacle_retractor	#FFD700
30_Elav#TGGATTGACGAATCTC	-2.36859734273199	1.99968516899906	adult	neuron_Pou4_FoxL2_1	#101CDE
30_Elav#TTGGTCCACGAGTGAC	-2.37881858563665	1.13279962612949	adult	neuron_Pou4_FoxL2_3	#1E67E6
50m_PFA#AAGAATGTGACCAAGG	-4.96828468060736	1.79700803829991	adult	neuron_Pou4_FoxL2_2	#0B16BF
50m_PFA#ACCTATGGAGTTTACG	1.93476842427012	-3.34713649676479	adult	digestive_filaments_2	#D10606
50m_PFA#AGGTAGCGAACTAGGG	-5.66954381680731	-2.48169040606655	adult	epidermis_2	#06CCD4
50m_PFA#AGTTCACGAAGGTGCA	-2.34625632977728	0.804958582657205	adult	neuron_Pou4_FoxL2_3	#1E67E6
50m_PFA#ATATTCGCTCTCGAGC	-5.30989415860418	-5.61907005236782	adult	epidermis_1	#04CCD4
50m_PFA#ATCAAGCACCATCCTC	-1.44689400410894	-3.40442514346279	adult	digestive_filaments_3	#AD0303
50m_PFA#ATCGCCGGACTATCTT	4.250600502727	0.538734436767923	adult	gastro_circular_muscle_1	#85C90E
50m_PFA#ATTACCTACTTACGCA	-5.41509540295843	-2.70518636630215	adult	epidermis_2	#06CCD4
50m_PFA#CCTTACTCTAAACTGA	-2.19833357548956	0.962647200363504	adult	neuron_Pou4_FoxL2_3	#1E67E6
50m_PFA#CGGAATTTGCTCGAGC	-2.60911948895696	1.22946977688633	adult	neuron_Pou4_FoxL2_3	#1E67E6
50m_PFA#CGGAATTTGTGATGAA	3.90066258692499	1.98649394585453	adult	gastro_circular_muscle_2	#73B009
50m_PFA#GGAGTTACTTGGTCCG	-5.86094815945867	-2.61251068041958	adult	epidermis_2	#06CCD4
50m_PFA#GGGTCGTACAGGTAAT	-5.99666888928655	-2.93903207705654	adult	epidermis_2	#06CCD4
50m_PFA#GGTCGTTCTTAGGTTC	1.14607732081171	-2.13893985675014	adult	digestive_filaments_1	#E33D3D
50m_PFA#GTTAAGAGAGGACCAA	-4.9358225605512	-3.69970846102871	adult	epidermis_1	#04CCD4
50m_PFA#TACCCGTTGTGAGCAG	-5.60629470563177	-6.01952648089565	adult	epidermis_1	#04CCD4
50m_PFA#TCCTTGGTGAGCCTAT	-2.37180431103948	0.562567711609231	adult	neuron_Pou4_FoxL2_3	#1E67E6
50m_PFA#TGACCCTACATTAAGG	4.20689289355036	1.51337480618321	adult	gastro_parietal_muscle	#8CEB10
50m_PFA#TGCACGGACCCTATCC	-5.3788705608869	-3.85174894259609	adult	epidermis_2	#06CCD4
50m_PFA#TTCTTAGACCGGTTTA	-5.04822547650579	-2.21885013507046	adult	precursors_NPC	#636363
9_F6k#AAATGCGCTCCGCTAG	-4.68818481183294	-2.50175094531216	adult	precursors_NPC	#636363
9_F6k#AACGCGAGAATCTGTG	-1.15046699261907	-2.9033880226437	adult	digestive_filaments_3	#AD0303
9_F6k#AAGTGGCGAGTTAGGG	-4.02651651120428	1.64535498692356	adult	neuron_Pou4_FoxL2_2	#0B16BF
9_F6k#ACTTCCTCTGGTTGAG	4.14226000094172	-0.779231070739402	adult	gastro_parietal_muscle	#8CEB10
9_F6k#AGTGACACTGCGCACT	0.467707739112341	-4.51284694598354	adult	digestive_filaments_2	#D10606
9_F6k#ATAGGCGGATAGCGAG	-1.71281368947271	-3.74076509402431	adult	digestive_filaments_3	#AD0303
9_F6k#ATGATAGGATTCGTTT	3.74089162134882	2.18541610314213	adult	gastro_circular_muscle_2	#73B009
9_F6k#ATGATGCACGGATGGT	0.902431384561025	-2.07465410159267	adult	digestive_filaments_1	#E33D3D
9_F6k#ATGCCGCGACAGGTGA	1.81757985138651	-3.98487949298061	adult	digestive_filaments_2	#D10606
9_F6k#ATTCCTAACTCGAGAG	-5.14138229108099	2.05507457329594	adult	neuron_Pou4_FoxL2_2	#0B16BF
9_F6k#CAAAGAATGTGAACAA	-5.75726516461614	-3.25934123919643	adult	epidermis_2	#06CCD4
9_F6k#CAGAGGCCTAAACATG	0.685287997958624	3.37412187530361	adult	cnidocyte	#FF42FF
9_F6k#CATATCACTGCTAGAG	-0.160816862347162	0.945744515198098	adult	precursors_endoNPC	#8A8686
9_F6k#CATCAGTGAAAGTCTC	-3.07911164975408	3.00494748427235	adult	neuron_Pou4_FoxL2_1	#101CDE
9_F6k#CATTCCTCTTCGTAGT	1.31744721615072	-2.37328672335781	adult	digestive_filaments_1	#E33D3D
9_F6k#CCTGATCACATCCGTA	-5.03956229901556	1.47244000508152	adult	neuron_Pou4_FoxL2_2	#0B16BF
9_F6k#CGATACCCTCGTTCTC	-6.12220819211248	-2.98244190142788	adult	epidermis_2	#06CCD4
9_F6k#CGATGATTGTAACGAA	-4.90553767895941	1.87262165619694	adult	neuron_Pou4_FoxL2_2	#0B16BF
9_F6k#CTCCTAGTGCTAACGT	-5.65583474850897	-2.65186738894619	adult	epidermis_2	#06CCD4
9_F6k#CTCTGCAACGAAGGTC	5.66059820437189	1.66880726887547	adult	gastro_circular_muscle_1	#85C90E
9_F6k#CTGTAACGAGGCCTGT	2.41376952910181	-0.891576289397849	adult	gastro_somatic_gonad	#BDE314
9_F6k#CTTGACGCTTGAAAGT	0.671154902217352	-4.58053398059048	adult	digestive_filaments_2	#D10606
9_F6k#CTTGCTGACAAAGCTA	-5.29977376675848	-4.15630149768032	adult	epidermis_2	#06CCD4
9_F6k#GAGCATACTTGTGGGA	4.70716874384638	-2.10397386477627	adult	gastro_parietal_muscle	#8CEB10
9_F6k#GAGTTACTGCAATAGA	-5.4674444935346	-3.22998094485439	adult	epidermis_2	#06CCD4
9_F6k#GCCGTTTACAACGAAT	-0.801686360600031	2.773835302132	adult	gland	#FF6F08
9_F6k#GCTCATAGAATCTGTG	-3.39761646008734	0.245942354935037	adult	neuron_Pou4_FoxL2_3	#1E67E6
9_F6k#GTCACAAACCTTAAGC	-4.76994426465277	1.67813181950413	adult	neuron_Pou4_FoxL2_2	#0B16BF
9_F6k#GTTAGTTCTTAGCTTG	-5.77961833691839	-3.19157218859829	adult	epidermis_2	#06CCD4
9_F6k#TAACGCATGTGAGGCA	5.82313911700007	1.16342067791783	adult	gastro_circular_muscle_1	#85C90E
9_F6k#TACCGACCTAATCCTG	2.82182328486201	-1.66025161669887	adult	gastro_parietal_muscle	#8CEB10
9_F6k#TATGGTTCTCGCTCGA	0.375913605926	-4.82985496447719	adult	digestive_filaments_2	#D10606
9_F6k#TCAACAGACACGCGAA	-5.76692922330145	-2.89075183795132	adult	epidermis_2	#06CCD4
9_F6k#TCCGCGAGATGGTGAG	-2.01843435979132	1.43697571827732	adult	neuron_GATA_Islet_1	#0C82F7
9_F6k#TCCGTTGACTTTGTCT	-5.4482680103803	-3.75028705523647	adult	epidermis_2	#06CCD4
9_F6k#TCCTGTGACAAGTTCC	-0.78832252240423	2.70609057022892	adult	gland	#FF6F08
9_F6k#TCGCGGAACGCGCAAA	-2.86592252469305	3.03693711830937	adult	neuron_Pou4_FoxL2_1	#101CDE
9_F6k#TCGGACTCTCAGCTGC	-5.48502404904608	-3.00902128146328	adult	epidermis_2	#06CCD4
9_F6k#TCTGGCTTGCATCCTC	1.60352145218607	-3.74466895983852	adult	digestive_filaments_2	#D10606
9_F6k#TCTTGAACTGGACCAA	-5.94476897931341	-2.72573661730923	adult	epidermis_2	#06CCD4
9_F6k#TGCCATCTGTTCGCAA	5.12886707567927	0.974424362915384	adult	gastro_circular_muscle_1	#85C90E
9_F6k#TTGTTAGCTCTATCTT	-4.96394641614202	-2.95566654132046	adult	epidermis_2	#06CCD4
9_F6k#TTTACCATGAAGGCTG	-4.54975230908636	-3.16316461489834	adult	epidermis_1	#04CCD4
9_F6k#TTTGGGATGACGAGCA	0.265643701789343	-4.51673698352016	adult	digestive_filaments_2	#D10606
Multiome_07563AAD#AAACCGGCAGTGAACG-1	-2.98014362073187	2.95486325098835	adult	neuron_Pou4_FoxL2_1	#101CDE
Multiome_07563AAD#ACATAGCTCGTTAGCG-1	-5.00460775113348	-3.12640809939541	adult	epidermis_2	#06CCD4
Multiome_07563AAD#AGGTTAGAGGGTCTAT-1	-5.90893371320013	-5.68875980303921	adult	epidermis_1	#04CCD4
Multiome_07563AAD#ATCCTTAGTTAGACCA-1	-4.89679010129217	-3.83572244570888	adult	epidermis_2	#06CCD4
Multiome_07563AAD#ATTACGTCAATTGAAG-1	-5.45967681622747	-6.44857978747524	adult	epidermis_1	#04CCD4
Multiome_07563AAD#CATAATGTCTCACACC-1	1.10403123581167	-0.0698018066707982	adult	epidermis_1	#04CCD4
Multiome_07563AAD#CGGATTAGTAGGTGTC-1	-2.27490718579534	2.26374828888737	adult	neuron_Pou4_FoxL2_1	#101CDE
Multiome_07563AAD#CTGAAACTCCTGATTT-1	-1.50077922559027	-2.92033195422329	adult	digestive_filaments_3	#AD0303
Multiome_07563AAD#GAGAGGCGTCAACAAT-1	-5.02014548993353	-3.04448509143032	adult	epidermis_2	#06CCD4
Multiome_07563AAD#GATCAGGCATGGTTAT-1	1.71399666452166	-0.103034733993186	adult	gastro_circular_muscle_1	#85C90E
Multiome_07563AAD#GCCTACTTCCGCCTCA-1	-1.99141915059332	1.32131075932346	adult	neuron_Pou4_FoxL2_3	#1E67E6
Multiome_07563AAD#GCGAAGCCAGGCATCT-1	-2.35106880879644	2.25006091667973	adult	neuron_Pou4_FoxL2_1	#101CDE
Multiome_07563AAD#GCGAAGTAGCCTGTGA-1	-5.69148309445623	-5.71373081133999	adult	epidermis_1	#04CCD4
Multiome_07563AAD#GCGCAAACAGGCCATT-1	-5.5666352055097	-5.70119857714809	adult	epidermis_1	#04CCD4
Multiome_07563AAD#GGCTATGTCATGTTTC-1	1.51269759320971	0.186671973007547	adult	epidermis_1	#04CCD4
Multiome_07563AAD#GGGAATATCACTAGGT-1	-0.780775859119929	1.83664894177281	adult	gland	#FF6F08
Multiome_07563AAD#GGGTTTCCACTTAGGC-1	-5.84512145734075	-6.03477477954067	adult	epidermis_1	#04CCD4
Multiome_07563AAD#GGTTGCATCAAGCGCC-1	-3.44900424695257	1.55081605984532	adult	neuron_Pou4_FoxL2_2	#0B16BF
Multiome_07563AAD#TAAGCCTAGATGGACA-1	-2.70326502537969	2.75489139630161	adult	neuron_Pou4_FoxL2_1	#101CDE
Multiome_07563AAD#TAGTTGTCACAACAAA-1	-1.53035433507208	1.85516977383457	adult	neuron_Pou4_FoxL2_1	#101CDE
Multiome_07563AAD#TATCGAGGTCATCATC-1	-0.997157408955134	2.21323013378941	adult	gland	#FF6F08
Multiome_07563AAD#TCCATAAAGCTGTAAC-1	-5.40608747220281	-2.75756978915371	adult	epidermis_2	#06CCD4
Multiome_07563AAD#TCTTCAAGTAGTTGGC-1	-5.36529500699285	-5.05109023974575	adult	epidermis_1	#04CCD4
Multiome_07563AAD#TCTTCAAGTCCGTGAG-1	0.630848751304113	3.31747281624638	adult	cnidocyte	#FF42FF
Multiome_07563AAD#TTAGAAGCACTAGCGT-1	-5.29225404477362	-5.99307346270718	adult	epidermis_1	#04CCD4
SEACell-0	2.79799752020594	5.52656102253758	gastrula	ecto_pharynx	#5BC0E8
SEACell-1	-0.555420949223078	2.04996097161137	gastrula	gland_mucin	#E09010
SEACell-10	2.02280311369654	7.46140909268223	gastrula	ecto_aboral	#045170
SEACell-11	0.805663243768179	2.08231425358616	gastrula	NPC_2	#F7ABF7
SEACell-12	2.22596792959925	7.39554381443821	gastrula	ecto_aboral	#045170
SEACell-13	3.06038276934382	6.29177570416294	gastrula	ectoderm	#51A0BE
SEACell-14	2.29709963583704	7.30316352917515	gastrula	ecto_aboral	#045170
SEACell-15	2.25083862328287	6.4588961608585	gastrula	NPC_2	#F7ABF7
SEACell-16	2.80589620852228	5.63886177613102	gastrula	ecto_pharynx	#5BC0E8
SEACell-17	2.29514591479059	0.940437317627298	gastrula	EMS	#BDF5BD
SEACell-18	2.3191971042132	0.884077549713479	gastrula	EMS	#BDF5BD
SEACell-19	-1.50434000706915	1.5201389796909	gastrula	neuronal_gastrula	#063CB9
SEACell-2	1.24536091731247	3.26769536806904	gastrula	cnidocyte_gastrula	#FF42FF
SEACell-20	2.21334718250986	0.825740814941751	gastrula	EMS	#BDF5BD
SEACell-21	2.16217033648249	1.30538630558811	gastrula	EMS	#BDF5BD
SEACell-22	3.01799409174677	6.52958941532932	gastrula	ectoderm	#51A0BE
SEACell-23	2.8641908624148	6.39554262234532	gastrula	EMS	#BDF5BD
SEACell-24	3.16434519076105	6.92920374943577	gastrula	ectoderm	#51A0BE
SEACell-25	2.34920792364832	5.01483476235234	gastrula	EMS_ecto_boundary	#93DBCE
SEACell-26	2.15556185030695	7.36596584393345	gastrula	ecto_aboral	#045170
SEACell-27	1.17980782770868	3.2092618353542	gastrula	cnidocyte_gastrula	#FF42FF
SEACell-28	2.42831663870569	5.48843801094853	gastrula	EMS_ecto_boundary	#93DBCE
SEACell-29	2.47303168558832	7.31139683796726	gastrula	ecto_aboral	#045170
SEACell-3	1.05362549507376	3.16022473646961	gastrula	cnidocyte_gastrula	#FF42FF
SEACell-30	-1.32703311658148	1.46704530789219	gastrula	neuronal_gastrula	#063CB9
SEACell-31	2.55270640635248	7.06727433277928	gastrula	ecto_aboral	#045170
SEACell-32	2.93895737910029	7.09370803906285	gastrula	ectoderm	#51A0BE
SEACell-33	2.84939996981379	5.79452025963627	gastrula	ecto_pharynx	#5BC0E8
SEACell-34	2.19906239294764	7.22686958386265	gastrula	ecto_aboral	#045170
SEACell-35	2.3945339181399	6.27368426396214	gastrula	cnidocyte_gastrula	#FF42FF
SEACell-36	2.55384664320704	6.93794655873142	gastrula	NPC_1	#808D91
SEACell-37	-0.57589895940069	2.04133308007084	gastrula	gland_mucin	#E09010
SEACell-38	3.05905203604456	6.40989494397007	gastrula	ectoderm	#51A0BE
SEACell-39	2.54357747816797	6.36741542889439	gastrula	ectoderm	#51A0BE
SEACell-4	1.01326349460837	2.73623931481205	gastrula	cnidocyte_gastrula	#FF42FF
SEACell-40	0.847214893338644	3.23192215039097	gastrula	cnidocyte_gastrula	#FF42FF
SEACell-41	2.35046438956019	6.39451980664097	gastrula	gland_mucin	#E09010
SEACell-42	3.2730876662707	6.69604063107334	gastrula	ectoderm	#51A0BE
SEACell-43	3.15544848227259	6.69299292637669	gastrula	ectoderm	#51A0BE
SEACell-44	-0.416534497501887	2.03590059353672	gastrula	gland_mucin	#E09010
SEACell-45	1.96706496262308	7.1613161571201	gastrula	ecto_aboral	#045170
SEACell-46	2.48409490370508	7.24792337490879	gastrula	ecto_aboral	#045170
SEACell-47	-1.56179292416815	1.72604274823033	gastrula	neuronal_gastrula	#063CB9
SEACell-48	2.05941467070338	6.83345770909153	gastrula	NPC_1	#808D91
SEACell-49	2.85527138495203	7.18804812504612	gastrula	ectoderm	#51A0BE
SEACell-5	2.72712259077784	6.81419205738865	gastrula	ectoderm	#51A0BE
SEACell-50	2.65734283709284	5.39322042538487	gastrula	ecto_pharynx	#5BC0E8
SEACell-51	3.10942320608851	6.88209748341404	gastrula	ectoderm	#51A0BE
SEACell-52	2.45559148573633	5.22150409294926	gastrula	EMS_ecto_boundary	#93DBCE
SEACell-53	2.52812735819575	5.33661830498539	gastrula	EMS_ecto_boundary	#93DBCE
SEACell-54	3.06507901930567	6.56829905583225	gastrula	ectoderm	#51A0BE
SEACell-55	0.660259948012793	2.78414177967869	gastrula	cnidocyte_gastrula	#FF42FF
SEACell-56	3.18500237250086	6.64272689892613	gastrula	ectoderm	#51A0BE
SEACell-57	2.93056802534815	6.82797241284214	gastrula	NPC_1	#808D91
SEACell-58	3.10421221041437	6.16623354031407	gastrula	ecto_pharynx	#5BC0E8
SEACell-59	2.58384268069025	6.72074604107701	gastrula	NPC_1	#808D91
SEACell-6	0.993200139043295	3.41888544036709	gastrula	cnidocyte_gastrula	#FF42FF
SEACell-60	2.75006251120325	6.88597178532444	gastrula	ectoderm	#51A0BE
SEACell-61	0.933532968995535	3.3302015669521	gastrula	cnidocyte_gastrula	#FF42FF
SEACell-62	1.40728074395415	2.99460488631092	gastrula	cnidocyte_gastrula	#FF42FF
SEACell-63	3.28826873087641	6.6108405597385	gastrula	ectoderm	#51A0BE
SEACell-64	1.33798456275221	3.49013465716206	gastrula	cnidocyte_gastrula	#FF42FF
SEACell-65	2.67507104658838	6.80604505612217	gastrula	NPC_1	#808D91
SEACell-66	-1.15338356709722	1.41568970753513	gastrula	neuronal_gastrula	#063CB9
SEACell-67	3.01925937914606	6.986934662598	gastrula	ectoderm	#51A0BE
SEACell-68	-0.650330736401117	1.9802881486591	gastrula	gland_mucin	#E09010
SEACell-69	0.760319934127294	2.80467963291966	gastrula	cnidocyte_gastrula	#FF42FF
SEACell-7	2.22106932186838	6.42419242932163	gastrula	NPC_2	#F7ABF7
SEACell-70	-0.472906901600397	2.19765341355168	gastrula	gland_mucin	#E09010
SEACell-71	2.28629903578516	7.34375858380161	gastrula	ecto_aboral	#045170
SEACell-72	2.49186293864008	6.5172560222324	gastrula	neuronal_gastrula	#063CB9
SEACell-73	2.35192720675226	5.87722683026158	gastrula	cnidocyte_gastrula	#FF42FF
SEACell-74	2.89458350920435	6.08895206524693	gastrula	EMS	#BDF5BD
SEACell-75	3.02749399924036	6.2768516547855	gastrula	ecto_pharynx	#5BC0E8
SEACell-76	2.61944811129328	7.40841555668675	gastrula	ecto_aboral	#045170
SEACell-77	2.74655632757899	6.90480709149204	gastrula	ectoderm	#51A0BE
SEACell-78	-1.3816450378919	1.32134580685459	gastrula	neuronal_gastrula	#063CB9
SEACell-79	3.02633909964319	6.01194024159275	gastrula	ecto_pharynx	#5BC0E8
SEACell-8	1.0202661462998	3.4377343363937	gastrula	cnidocyte_gastrula	#FF42FF
SEACell-80	2.65144245409724	5.60061550213658	gastrula	ecto_pharynx	#5BC0E8
SEACell-81	1.07522563719507	2.92604458405338	gastrula	cnidocyte_gastrula	#FF42FF
SEACell-82	2.60796372675654	5.56077075077854	gastrula	ecto_pharynx	#5BC0E8
SEACell-83	0.917806879517996	3.36611282898747	gastrula	cnidocyte_gastrula	#FF42FF
SEACell-84	3.00298337721583	6.53093886448704	gastrula	ectoderm	#51A0BE
SEACell-85	2.77411501192805	6.09870052410923	gastrula	ecto_pharynx	#5BC0E8
SEACell-86	2.05263428473231	7.47888135983311	gastrula	ecto_aboral	#045170
SEACell-87	3.3777429320788	6.85784483029209	gastrula	ectoderm	#51A0BE
SEACell-88	2.36723058008906	0.780077219742166	gastrula	EMS	#BDF5BD
SEACell-89	2.69879166865107	7.30612278057896	gastrula	ecto_aboral	#045170
SEACell-9	0.9288419344401	3.01164054943882	gastrula	cnidocyte_gastrula	#FF42FF
SEACell-90	2.60871665262934	5.41259968354069	gastrula	EMS_ecto_boundary	#93DBCE
SEACell-91	2.44740836405512	5.17214965893589	gastrula	EMS_ecto_boundary	#93DBCE
SEACell-92	1.02518676304575	3.14129847361408	gastrula	cnidocyte_gastrula	#FF42FF
SEACell-93	3.45751850390192	6.63978481366001	gastrula	ectoderm	#51A0BE
SEACell-94	-0.54006345486883	1.91358804776035	gastrula	gland_mucin	#E09010
