gene	class	archetype_name	rank	gene_score_correlation	gene_expression_correlation	archetype_family	tf_family	assigned	any_assigned	same_family	assignment
Nvec_NVE19743	B1	ARCH792_BHLH112	39	0.288351825364223	0.0686238075791639	HLH	HLH	FALSE	FALSE	TRUE	none
Nvec_NVE23841	A1	ARCH497_/Sox4/Sox11_Sox13/S...	24	0.396649878318484	0.332316847737317	HMGbox_Sox	HMGbox_Sox	FALSE	FALSE	TRUE	none
Nvec_NVE7697	A1	ARCH1177_Hnf1a/Hnf1b	20	0.29886489041242	0.342458720967148	Homeodomains	Homeodomains	FALSE	FALSE	TRUE	none
Nvec_v1g19278	A1	ARCH239_Scrt2/Scrt1	1	0.458078237197573	0.549831344868848	zf-C2H2	zf-C2H2	FALSE	FALSE	TRUE	none
Nvec_v1g210540	A1	ARCH47_Ptf1a	4	0.560923073363486	0.363481357448743	HLH	HLH	FALSE	FALSE	TRUE	none
Nvec_v1g241767	A1	ARCH132_Creb3l2/Creb3l1	106	0.230303008157302	0.431617015640889	bZIP	bZIP	FALSE	TRUE	TRUE	other
Nvec_v1g244929	B1	ARCH257_M04483_2.00__M04484...	53	0.183678933804361	0.0703437949759681	zf-C2H2	zf-C2H2	FALSE	FALSE	TRUE	none
Nvec_v1g99666	A1	ARCH792_BHLH112	38	0.168723503495356	0.143436375879559	HLH	HLH	FALSE	FALSE	TRUE	none
Nvec_vc1.1_XM_001618929.3	B1	ARCH215_Yy1	2	0.221677019516167	-0.0336277304024884	zf-C2H2	zf-C2H2	FALSE	FALSE	TRUE	none
Nvec_vc1.1_XM_001622271.3	A1	ARCH1282_IRF8__ISRE__IRF3	1	0.453365626272332	0.73755964584453	IRF	IRF	FALSE	FALSE	TRUE	none
Nvec_vc1.1_XM_001623084.3	A1	ARCH742_Meis3/Meis2/Meis1_P...	2	0.63997065817594	0.100508339397403	Homeodomains	Homeodomains	FALSE	TRUE	TRUE	other
Nvec_vc1.1_XM_001623127.3	A1	ARCH495_Foxa3/Foxa1/Foxa2_F...	188	0.133118994032859	0.24953499038688	Forkhead	Forkhead	FALSE	FALSE	TRUE	none
Nvec_vc1.1_XM_001623467.3	A1	ARCH122_Atf7/Gm28047/Creb5/...	24	0.242526749775168	0.182746140546807	bZIP	bZIP	FALSE	FALSE	TRUE	none
Nvec_vc1.1_XM_001623946.3	B1	ARCH642_Alx3/Alx4/Alx1_Barx...	10	0.228147208215402	-0.0792400814666359	Homeodomains	Homeodomains	FALSE	FALSE	TRUE	none
Nvec_vc1.1_XM_001624046.3	B1	ARCH163_Foxn4/Foxn1	8	0.3458389327967	-0.0807132840797842	Forkhead	Forkhead	FALSE	FALSE	TRUE	none
Nvec_vc1.1_XM_001624560.3	B1	ARCH841_Pax5/Pax8/Pax2	314	0.146801135229004	-0.125633696831808	Pax/Homeodomain	Pax/Homeodomain	FALSE	FALSE	TRUE	none
Nvec_vc1.1_XM_001624689.3	A1	ARCH508_Foxk2/Foxk1	6	0.163387947285752	0.282974728382222	Forkhead	Forkhead	FALSE	FALSE	TRUE	none
Nvec_vc1.1_XM_001624716.3	A1	ARCH1113_/Sox4/Sox11_Sox13/...	12	0.399744981955581	0.386404217428343	HMGbox_Sox	HMGbox_Sox	FALSE	FALSE	TRUE	none
Nvec_vc1.1_XM_001624941.3	A1	ARCH236_M03668_2.00__M05861...	30	0.157384218566868	0.175115984949631	zf-C2H2	zf-C2H2	FALSE	FALSE	TRUE	none
Nvec_vc1.1_XM_001625109.3	A1	ARCH709_Alx3/Alx4/Alx1_Barx...	2	0.438687185046138	0.424279609370214	Homeodomains	Homeodomains	FALSE	FALSE	TRUE	none
Nvec_vc1.1_XM_001625118.3	C1	ARCH857_Hsf1/Hsf2/Hsf4/Hsf3	781	-0.00304384327151201	0.227114069774894	HSF	HSF	FALSE	FALSE	TRUE	none
Nvec_vc1.1_XM_001625254.3	A1	ARCH1080_/Sox4/Sox11_Sox13/...	14	0.237403484607918	0.164660066417311	HMGbox_Sox	HMGbox_Sox	FALSE	FALSE	TRUE	none
Nvec_vc1.1_XM_001625437.3	C1	ARCH384_Msantd2_Rcor1/Rcor2...	343	0.0458918987037396	0.218273587917824	Myb	Myb	FALSE	FALSE	TRUE	none
Nvec_vc1.1_XM_001625457.2	B1	ARCH685_Barx2/Barx1_Dlx4/Dl...	54	0.531236207200235	0	Homeodomains	Homeodomains	FALSE	FALSE	TRUE	none
Nvec_vc1.1_XM_001625588.3	A1	ARCH1053_Runx3/Runx2/Runx1	1	0.74598857266028	0.738106052286597	Runt_Runx	Runt_Runx	TRUE	TRUE	TRUE	assigned
Nvec_vc1.1_XM_001625700.3	C1	ARCH322_Nrf1	1183	-0.105714821523822	0.314026480872202	NRF1	NRF1	TRUE	TRUE	TRUE	assigned
Nvec_vc1.1_XM_001625754.3	A1	ARCH685_Barx2/Barx1_Dlx4/Dl...	55	0.552207616489126	0.551440928905708	Homeodomains	Homeodomains	FALSE	FALSE	TRUE	none
Nvec_vc1.1_XM_001625768.3	A1	ARCH684_Alx3/Alx4/Alx1_Barx...	53	0.562442313185063	0.551498364226192	Homeodomains	Homeodomains	FALSE	FALSE	TRUE	none
Nvec_vc1.1_XM_001625898.3	A1	ARCH766_Six1/_Six4/Six5	1	0.625483784364901	0.306448537671691	Homeodomains	Homeodomains	FALSE	TRUE	TRUE	other
Nvec_vc1.1_XM_001625899.3	A1	ARCH766_Six1/_Six4/Six5	2	0.594969604110311	0.290014807568841	Homeodomains	Homeodomains	FALSE	TRUE	TRUE	other
Nvec_vc1.1_XM_001625950.3	A1	ARCH507_Foxc2/Foxc1_Foxg1/G...	226	0.318974610247085	0.319280345300476	Forkhead	Forkhead	FALSE	FALSE	TRUE	none
Nvec_vc1.1_XM_001625997.3	A1	ARCH743_Meis3/Meis2/Meis1_P...	137	0.527205146686412	0.399828184783978	Homeodomains	Homeodomains	FALSE	TRUE	TRUE	other
Nvec_vc1.1_XM_001625998.3	A1	ARCH704_Nanog	1	0.803178202209302	0.163774651431499	Homeodomains	Homeodomains	FALSE	TRUE	TRUE	other
Nvec_vc1.1_XM_001626384.3	A1	ARCH766_Six1/_Six4/Six5	1	0.787942333422828	0.427669693786466	Homeodomains	Homeodomains	TRUE	TRUE	TRUE	assigned
Nvec_vc1.1_XM_001626717.3	B1	ARCH1130_Tbx10/Tbx1	83	0.157249478853841	0.071614996162368	T-box	T-box	FALSE	FALSE	TRUE	none
Nvec_vc1.1_XM_001626820.3	C1	ARCH1048_Tbx18/Tbx22/Tbx15_...	1080	-0.100797850663034	0.210126658087648	T-box	T-box	FALSE	FALSE	TRUE	none
Nvec_vc1.1_XM_001627049.3	B1	ARCH834_bHLH157	80	0.139277858771701	-0.286537364612437	HLH	HLH	FALSE	FALSE	TRUE	none
Nvec_vc1.1_XM_001627072.3	A1	ARCH162_Fos/Fosb/Fosl1/Fosl...	185	0.314897985532041	0.274146127659539	Forkhead	Forkhead	FALSE	FALSE	TRUE	none
Nvec_vc1.1_XM_001627136.3	A1	ARCH1047_Tbx18/Tbx22/Tbx15_...	1	0.857942038337315	0.689666450866519	T-box	T-box	FALSE	TRUE	TRUE	other
Nvec_vc1.1_XM_001627361.3	B1	ARCH215_Yy1	1	0.208831741136684	0.0424259383756692	zf-C2H2	zf-C2H2	FALSE	FALSE	TRUE	none
Nvec_vc1.1_XM_001627423.3	A1	ARCH745_/Lef1/Tcf7l1/Tcf7	13	0.435653656070352	0.57058959000068	HMGbox_Sox	HMGbox_Sox	FALSE	FALSE	TRUE	none
Nvec_vc1.1_XM_001627544.3	A1	ARCH766_Six1/_Six4/Six5	1	0.787214100884213	0.331823567043437	Homeodomains	Homeodomains	FALSE	FALSE	TRUE	none
Nvec_vc1.1_XM_001627629.3	B1	ARCH476_Foxc2/Foxc1_Foxd2/F...	28	0.292725470602591	0.0661338904981807	Forkhead	Forkhead	FALSE	FALSE	TRUE	none
Nvec_vc1.1_XM_001627662.3	A1	ARCH856_Pdp1	23	0.311982616819965	0.131532599905767	E2F_TDP	E2F_TDP	FALSE	TRUE	TRUE	other
Nvec_vc1.1_XM_001627792.3	A1	ARCH508_Foxk2/Foxk1	9	0.313036252754412	0.186663577749489	Forkhead	Forkhead	FALSE	TRUE	TRUE	other
Nvec_vc1.1_XM_001627907.3	B1	ARCH197_Klf15	67	0.417222406435711	0.0832611764776934	zf-C2H2	zf-C2H2	FALSE	FALSE	TRUE	none
Nvec_vc1.1_XM_001628041.3	A1	ARCH626_Mael_Tox3/Tox/Tox2/...	23	0.349097274833536	0.149038189698171	HMGbox_Sox	HMGbox_Sox	FALSE	FALSE	TRUE	none
Nvec_vc1.1_XM_001628045.2	A1	ARCH247_Yy1	4	0.180918919993713	0.190039659662942	zf-C2H2	zf-C2H2	FALSE	FALSE	TRUE	none
Nvec_vc1.1_XM_001628087.3	B1	ARCH361_Dmrt2_Dmrtc2	141	0.280698816365138	0.0106675643945122	Doublesex_DM	Doublesex_DM	TRUE	TRUE	TRUE	assigned
Nvec_vc1.1_XM_001628278.3	C1	ARCH89_PL0012.1_hlh-2::hlh-8	356	0.0342983912372583	0.5831919805657	HLH	HLH	FALSE	FALSE	TRUE	none
Nvec_vc1.1_XM_001628279.3	A1	ARCH45_Tfap4	2	0.526490387939279	0.534707459514638	HLH	HLH	FALSE	FALSE	TRUE	none
Nvec_vc1.1_XM_001628300.3	B1	ARCH45_Tfap4	5	0.208540562053022	-0.27448963342528	HLH	HLH	FALSE	FALSE	TRUE	none
Nvec_vc1.1_XM_001628318.3	C1	ARCH384_Msantd2_Rcor1/Rcor2...	90	0.0773641603210702	0.311277503110771	Myb	Myb	FALSE	TRUE	TRUE	other
Nvec_vc1.1_XM_001628319.3	C1	ARCH474_Foxj3_Foxk2/Foxk1	1013	-0.0346861196237197	0.445473217668059	Forkhead	Forkhead	TRUE	TRUE	TRUE	assigned
Nvec_vc1.1_XM_001628481.3	A1	ARCH983_Pax7/Pax3	27	0.304689499321208	0.282312353593521	Homeodomains	Homeodomains	FALSE	FALSE	TRUE	none
Nvec_vc1.1_XM_001628634.3	A1	ARCH820_Pax5/Pax8/Pax2	2	0.497886012183852	0.384212433270943	Pax/Homeodomain	Pax/Homeodomain	FALSE	FALSE	TRUE	none
Nvec_vc1.1_XM_001628635.3	A1	ARCH983_Pax7/Pax3	71	0.182752229974369	0.213367482003523	Pax/Homeodomain	Pax/Homeodomain	TRUE	TRUE	TRUE	assigned
Nvec_vc1.1_XM_001628645.3	A1	ARCH529_Zfp239//Zfp942/Zfp9...	6	0.155258171071859	0.103029210693887	zf-C2H2	zf-C2H2	FALSE	FALSE	TRUE	none
Nvec_vc1.1_XM_001628705.3	B1	ARCH241_Yy1	4	0.171484379077122	-0.0447592693104505	zf-C2H2	zf-C2H2	FALSE	FALSE	TRUE	none
Nvec_vc1.1_XM_001628946.3	B1	ARCH173_Crem/Creb1/Atf1	97	0.194819846190686	-0.241483955975573	bZIP	bZIP	FALSE	FALSE	TRUE	none
Nvec_vc1.1_XM_001628964.3	B1	ARCH547_Foxa3/Foxa1/Foxa2_F...	42	0.158292571008015	0.0983002922392053	Forkhead	Forkhead	FALSE	TRUE	TRUE	other
Nvec_vc1.1_XM_001628971.3	B1	ARCH235_Klf5_Klf8	121	0.243956011350301	-0.245201549732432	zf-C2H2	zf-C2H2	FALSE	FALSE	TRUE	none
Nvec_vc1.1_XM_001629218.3	A1	ARCH1047_Tbx18/Tbx22/Tbx15_...	6	0.767571294235619	0.223208922844313	T-box	T-box	FALSE	FALSE	TRUE	none
Nvec_vc1.1_XM_001629480.3	B1	ARCH133_M04019_2.00__bHLH34	155	0.165304676839184	-0.0434093755072815	HLH	HLH	FALSE	FALSE	TRUE	none
Nvec_vc1.1_XM_001629605.3	C1	ARCH831_Smad4	418	0.0345135071854476	0.10872886220625	SMAD_MH1	SMAD_MH1	TRUE	TRUE	TRUE	assigned
Nvec_vc1.1_XM_001629694.3	A1	ARCH142_Creb3l2/Creb3l1	5	0.216892112138952	0.429459504507797	bZIP	bZIP	FALSE	TRUE	TRUE	other
Nvec_vc1.1_XM_001629987.3	A1	ARCH528_/Lef1/Tcf7l1/Tcf7	147	0.525606705844232	0.327480839804454	HMGbox_Sox	HMGbox_Sox	FALSE	FALSE	TRUE	none
Nvec_vc1.1_XM_001630131.3	A1	ARCH17_Arid5b/Arid5a	110	0.148795111795616	0.181551337828505	ARID_BRIGHT	ARID_BRIGHT	FALSE	FALSE	TRUE	none
Nvec_vc1.1_XM_001630333.3	C1	ARCH1061_Msantd4/Mypop_Terf2ip	334	0.0285116601455134	0.277440025854449	Myb	Myb	FALSE	FALSE	TRUE	none
Nvec_vc1.1_XM_001630336.3	A1	ARCH24_Nr2c1/Nr2c2_Nr2f1/Nr...	39	0.265263675918911	0.328578365007912	zf-C4_Nuclear_receptors	zf-C4_Nuclear_receptors	FALSE	TRUE	TRUE	other
Nvec_vc1.1_XM_001630356.3	A1	ARCH606_Gata3/Gata1/Gata2	440	0.104407226409275	0.107448775603201	GATA	GATA	FALSE	FALSE	TRUE	none
Nvec_vc1.1_XM_001630363.3	A1	ARCH494_Foxc2/Foxc1_Foxd2/F...	11	0.343057112984011	0.319925819452566	Forkhead	Forkhead	FALSE	FALSE	TRUE	none
Nvec_vc1.1_XM_001630519.3	A1	ARCH362_Nkx3-2	164	0.101383509647619	0.467805019866281	Homeodomains	Homeodomains	FALSE	FALSE	TRUE	none
Nvec_vc1.1_XM_001630559.3	B1	ARCH936_Nr2c1/Nr2c2_Nr2f1/N...	150	0.226957615908167	-0.2395065385456	zf-C2H2	zf-C2H2	FALSE	FALSE	TRUE	none
Nvec_vc1.1_XM_001630676.3	A1	ARCH360_Six1/_Six4/Six5	484	0.110012521600459	0.469963860242623	Homeodomains	Homeodomains	FALSE	FALSE	TRUE	none
Nvec_vc1.1_XM_001630974.3	A1	ARCH849_Cdc5lrt1/Cdc5lrt10/...	148	0.140639801544112	0.103708502745415	Myb	Myb	FALSE	FALSE	TRUE	none
Nvec_vc1.1_XM_001631093.3	A1	ARCH132_Creb3l2/Creb3l1	8	0.404138805649187	0.390091476347009	bZIP	bZIP	FALSE	FALSE	TRUE	none
Nvec_vc1.1_XM_001631173.3	A1	ARCH738_Hoxa1/Hoxb1/Hoxd1	8	0.373182266529353	0.189756337101663	Homeodomains	Homeodomains	FALSE	FALSE	TRUE	none
Nvec_vc1.1_XM_001631326.3	A1	ARCH96_Ptf1a__NHLH2__BHLHE2...	69	0.215143741180892	0.215607616951207	HLH	HLH	FALSE	FALSE	TRUE	none
Nvec_vc1.1_XM_001631375.3	A1	ARCH758_Dmbx1_Gsc2/Gsc//Obo...	19	0.387790546937761	0.351190269840617	Homeodomains	Homeodomains	FALSE	FALSE	TRUE	none
Nvec_vc1.1_XM_001631403.3	C1	ARCH357_bHLH122	766	-0.0410955685207274	0.515323643656918	HLH	HLH	FALSE	FALSE	TRUE	none
Nvec_vc1.1_XM_001631543.3	B1	ARCH122_Atf7/Gm28047/Creb5/...	15	0.374825640744619	0.0760141033740086	bZIP	bZIP	FALSE	FALSE	TRUE	none
Nvec_vc1.1_XM_001631607.3	B1	ARCH753_Smad4	115	0.134020264751222	-0.311434189178566	SMAD_MH1	SMAD_MH1	FALSE	FALSE	TRUE	none
Nvec_vc1.1_XM_001631673.3	A1	ARCH4_Alx3/Alx4/Alx1_Barx2/...	14	0.511646037017965	0.4937697369867	Homeodomains	Homeodomains	FALSE	FALSE	TRUE	none
Nvec_vc1.1_XM_001631763.3	A1	ARCH502_M11209_2.00	204	0.102396399524543	0.219802440482066	Pax	Pax	TRUE	TRUE	TRUE	assigned
Nvec_vc1.1_XM_001632367.3	A1	ARCH704_Nanog	1	0.481526255554567	0.344328427843436	Homeodomains	Homeodomains	FALSE	TRUE	TRUE	other
Nvec_vc1.1_XM_001632368.2	A1	ARCH777_Nkx2-2/Nkx2-9	1	0.542059212265143	0.171630643060375	Homeodomains	Homeodomains	TRUE	TRUE	TRUE	assigned
Nvec_vc1.1_XM_001632568.3	B1	ARCH1074_/Sox4/Sox11_Sox13/...	5	0.397194921065448	0.0681209971202076	HMGbox_Sox	HMGbox_Sox	FALSE	FALSE	TRUE	none
Nvec_vc1.1_XM_001632824.3	B1	ARCH1047_Tbx18/Tbx22/Tbx15_...	8	0.554047219093749	-0.166473269514862	T-box	T-box	FALSE	FALSE	TRUE	none
Nvec_vc1.1_XM_001632826.3	A1	ARCH357_bHLH122	98	0.645112210733208	0.338943402933901	HLH	HLH	FALSE	FALSE	TRUE	none
Nvec_vc1.1_XM_001632929.3	A1	ARCH1007_M03442_2.00__M0344...	15	0.350950235585835	0.450424711510621	Homeodomains	Homeodomains	FALSE	FALSE	TRUE	none
Nvec_vc1.1_XM_001632947.3	A1	ARCH1113_/Sox4/Sox11_Sox13/...	38	0.550366253427666	0.45847544533232	HMGbox_Sox	HMGbox_Sox	FALSE	FALSE	TRUE	none
Nvec_vc1.1_XM_001633156.3	A1	ARCH1124_Tbx10/Tbx1_Tbx18/T...	130	0.180630831722682	0.57955985071275	T-box	T-box	FALSE	FALSE	TRUE	none
Nvec_vc1.1_XM_001633239.3	C2	ARCH490_FOXK1	487	0.0115833615060903	0.384335096441151	""	NFYB_NFYC	FALSE	FALSE	TRUE	none
Nvec_vc1.1_XM_001633273.3	B1	ARCH119_Fos/Fosb/Fosl1/Fosl2	1	0.569639760282041	-0.0832881871629007	bZIP	bZIP	TRUE	TRUE	TRUE	assigned
Nvec_vc1.1_XM_001633393.3	A1	ARCH122_Atf7/Gm28047/Creb5/...	54	0.197808224759842	0.191348740852438	bZIP	bZIP	FALSE	TRUE	TRUE	other
Nvec_vc1.1_XM_001633398.3	A1	ARCH321_Egr3/Egr1	101	0.332618669063396	0.260775007814302	zf-C2H2	zf-C2H2	FALSE	FALSE	TRUE	none
Nvec_vc1.1_XM_001633482.3	C1	ARCH804_M03713_2.00	66	0.0808025407456991	0.123075009787744	CSD	CSD	FALSE	FALSE	TRUE	none
Nvec_vc1.1_XM_001633484.3	C2	ARCH1220_dof43	285	0.0704560711727315	0.41244178900658	""	LAG1_CSL	FALSE	FALSE	TRUE	none
Nvec_vc1.1_XM_001633504.3	A1	ARCH1167_M08277_2.00__M0885...	1	0.252796425612827	0.109578075941757	zf-C2H2	zf-C2H2	FALSE	FALSE	TRUE	none
Nvec_vc1.1_XM_001633508.3	A1	ARCH215_Yy1	2	0.151961259708935	0.270644372196434	zf-C2H2	zf-C2H2	FALSE	FALSE	TRUE	none
Nvec_vc1.1_XM_001633541.3	A1	ARCH685_Barx2/Barx1_Dlx4/Dl...	56	0.539873748937269	0.551286946206501	Homeodomains	Homeodomains	FALSE	FALSE	TRUE	none
Nvec_vc1.1_XM_001633762.3	A1	ARCH498_/Sox4/Sox11_Sox13/S...	49	0.222595305755391	0.255138201025723	HMGbox_Sox	HMGbox_Sox	FALSE	FALSE	TRUE	none
Nvec_vc1.1_XM_001633772.3	A1	ARCH197_Klf15	32	0.114319343760483	0.173580909017719	zf-C2H2	zf-C2H2	FALSE	FALSE	TRUE	none
Nvec_vc1.1_XM_001633819.3	A1	ARCH47_Ptf1a	13	0.541912469377469	0.255326824735082	HLH	HLH	FALSE	FALSE	TRUE	none
Nvec_vc1.1_XM_001633894.3	A1	ARCH398_TFAP2E	3	0.745480986649698	0.282428083802193	AP2	AP2	FALSE	FALSE	TRUE	none
Nvec_vc1.1_XM_001633901.3	A1	ARCH747_Tbx3/Tbx2	110	0.213635438295016	0.288779531103858	T-box	T-box	TRUE	TRUE	TRUE	assigned
Nvec_vc1.1_XM_001633902.3	C1	ARCH1126_Tbx10/Tbx1_Tbx18/T...	51	0.0843406840455011	0.557617714453607	T-box	T-box	FALSE	FALSE	TRUE	none
Nvec_vc1.1_XM_001633995.3	A1	ARCH338_Pbx4/Pbx2/Pbx1	12	0.452230563055593	0.155905701359014	Homeodomains	Homeodomains	FALSE	TRUE	TRUE	other
Nvec_vc1.1_XM_001634111.3	A1	ARCH494_Foxc2/Foxc1_Foxd2/F...	31	0.366657180527751	0.31613508370461	Forkhead	Forkhead	FALSE	FALSE	TRUE	none
Nvec_vc1.1_XM_001634116.3	A1	ARCH839_Pax5/Pax8/Pax2	1	0.685132860703732	0.30092889684754	Homeodomains	Homeodomains	FALSE	FALSE	TRUE	none
Nvec_vc1.1_XM_001634132.3	A1	ARCH305_Zfp760/Zfp770	261	0.124478195393509	0.189893338731719	zf-C2H2	zf-C2H2	FALSE	TRUE	TRUE	other
Nvec_vc1.1_XM_001634160.3	A1	ARCH839_Pax5/Pax8/Pax2	1	0.487758767631477	0.260138254973742	Homeodomains	Homeodomains	FALSE	FALSE	TRUE	none
Nvec_vc1.1_XM_001634198.3	A1	ARCH766_Six1/_Six4/Six5	1	0.748579810055999	0.434942370844573	Homeodomains	Homeodomains	FALSE	FALSE	TRUE	none
Nvec_vc1.1_XM_001634199.3	A1	ARCH766_Six1/_Six4/Six5	2	0.697917813451549	0.299003377647701	Homeodomains	Homeodomains	FALSE	FALSE	TRUE	none
Nvec_vc1.1_XM_001634202.3	A1	ARCH1007_M03442_2.00__M0344...	19	0.298164792556039	0.344956356294837	Homeodomains	Homeodomains	FALSE	TRUE	TRUE	other
Nvec_vc1.1_XM_001634326.3	B1	ARCH122_Atf7/Gm28047/Creb5/...	54	0.248468087152804	0.0558681513679745	bZIP	bZIP	FALSE	TRUE	TRUE	other
Nvec_vc1.1_XM_001634328.3	D1	ARCH982_Nr2c1/Nr2c2	482	-0.0398973735145558	-0.0197666414749449	zf-C4_Nuclear_receptors	zf-C4_Nuclear_receptors	TRUE	TRUE	TRUE	assigned
Nvec_vc1.1_XM_001634460.3	B1	ARCH162_Fos/Fosb/Fosl1/Fosl...	81	0.477072485217288	-0.206547018128053	bZIP	bZIP	FALSE	FALSE	TRUE	none
Nvec_vc1.1_XM_001634505.3	A1	ARCH514_Foxa3/Foxa1/Foxa2_F...	1	0.872653009557355	0.646135122417714	Forkhead	Forkhead	FALSE	FALSE	TRUE	none
Nvec_vc1.1_XM_001634550.3	A1	ARCH96_Ptf1a__NHLH2__BHLHE2...	32	0.687167762887933	0.637604349676912	HLH	HLH	FALSE	FALSE	TRUE	none
Nvec_vc1.1_XM_001634673.3	A1	ARCH245_Yy1	15	0.265533222049001	0.216717695488246	zf-C2H2	zf-C2H2	FALSE	FALSE	TRUE	none
Nvec_vc1.1_XM_001634712.3	C1	ARCH89_PL0012.1_hlh-2::hlh-8	529	0.0598288781434178	0.122085764194332	HLH	HLH	FALSE	FALSE	TRUE	none
Nvec_vc1.1_XM_001634715.3	A1	ARCH766_Six1/_Six4/Six5	4	0.648232146998328	0.306131762572094	Homeodomains	Homeodomains	FALSE	FALSE	TRUE	none
Nvec_vc1.1_XM_001634768.3	A1	ARCH685_Barx2/Barx1_Dlx4/Dl...	61	0.501338478400364	0.35644389716411	Homeodomains	Homeodomains	FALSE	FALSE	TRUE	none
Nvec_vc1.1_XM_001634938.2	B1	ARCH92_Max/Ppp5c	17	0.198164922351611	-0.270893483202903	HLH	HLH	FALSE	FALSE	TRUE	none
Nvec_vc1.1_XM_001634946.3	B1	ARCH101_Meis3/Meis2/Meis1_P...	15	0.261067604546732	0.0743118029042857	Homeodomains	Homeodomains	FALSE	TRUE	TRUE	other
Nvec_vc1.1_XM_001634956.3	A1	ARCH742_Meis3/Meis2/Meis1_P...	11	0.573700331446439	0.203941900349984	Homeodomains	Homeodomains	FALSE	FALSE	TRUE	none
Nvec_vc1.1_XM_001635015.3	B1	ARCH1010_M06436_2.00	118	0.172153731072872	-0.18339951091562	Homeodomains	Homeodomains	FALSE	FALSE	TRUE	none
Nvec_vc1.1_XM_001635041.3	B1	ARCH282_Srf	235	0.173559608794629	-0.0249176888779754	MADS-box_SRF	MADS-box_SRF	TRUE	TRUE	TRUE	assigned
Nvec_vc1.1_XM_001635120.3	A1	ARCH84_M08859_2.00	22	0.187227036491586	0.258538084192223	zf-C2H2	zf-C2H2	FALSE	FALSE	TRUE	none
Nvec_vc1.1_XM_001635172.3	A1	ARCH54_Usf3	48	0.131198939551143	0.218312188891406	HLH	HLH	FALSE	FALSE	TRUE	none
Nvec_vc1.1_XM_001635190.3	A1	ARCH936_Nr2c1/Nr2c2_Nr2f1/N...	64	0.410132609569297	0.119421128008494	zf-C2H2	zf-C2H2	FALSE	FALSE	TRUE	none
Nvec_vc1.1_XM_001635275.3	A1	ARCH792_BHLH112	131	0.240471975528457	0.264075762253472	HLH	HLH	FALSE	FALSE	TRUE	none
Nvec_vc1.1_XM_001635276.3	A1	ARCH792_BHLH112	25	0.389890658076929	0.370914181641678	HLH	HLH	FALSE	FALSE	TRUE	none
Nvec_vc1.1_XM_001635277.3	B1	ARCH792_BHLH112	96	0.375703204818395	0.0906838932660006	HLH	HLH	FALSE	FALSE	TRUE	none
Nvec_vc1.1_XM_001635315.3	B1	ARCH792_BHLH112	120	0.273582255147789	-0.0460609366369002	HLH	HLH	FALSE	FALSE	TRUE	none
Nvec_vc1.1_XM_001635316.3	B1	ARCH89_PL0012.1_hlh-2::hlh-8	204	0.209412676690157	-0.0651383990082713	HLH	HLH	FALSE	FALSE	TRUE	none
Nvec_vc1.1_XM_001635374.3	A1	ARCH712_Barx2/Barx1_Dlx4/Dl...	2	0.358977590097632	0.467890106725073	Homeodomains	Homeodomains	FALSE	TRUE	TRUE	other
Nvec_vc1.1_XM_001636116.3	C1	ARCH438_Tbpl2/Tbp	706	-0.0149649317364197	0.329249578100436	TBP	TBP	TRUE	TRUE	TRUE	assigned
Nvec_vc1.1_XM_001636155.3	A1	ARCH1096_/Sox4/Sox11_Sox13/...	328	0.425895614479003	0.345435801060944	HMGbox_Sox	HMGbox_Sox	FALSE	FALSE	TRUE	none
Nvec_vc1.1_XM_001636163.3	A1	ARCH9_POU4F1	23	0.133190634914303	0.252566206825095	Pou/Homeodomain	Pou/Homeodomain	FALSE	FALSE	TRUE	none
Nvec_vc1.1_XM_001636315.3	A1	ARCH219_Snai2	41	0.362441600487273	0.139277906187183	zf-C2H2	zf-C2H2	FALSE	TRUE	TRUE	other
Nvec_vc1.1_XM_001636352.3	A1	ARCH418_Spdef	1	0.46537510251781	0.279312310547321	Ets	Ets	FALSE	TRUE	TRUE	other
Nvec_vc1.1_XM_001636464.3	B1	ARCH1061_Msantd4/Mypop_Terf2ip	50	0.114886726776736	-0.286267590693524	Myb	Myb	TRUE	TRUE	TRUE	assigned
Nvec_vc1.1_XM_001636587.3	B1	ARCH24_Nr2c1/Nr2c2_Nr2f1/Nr...	19	0.330877194067205	0.0724406193918836	zf-C4_Nuclear_receptors	zf-C4_Nuclear_receptors	FALSE	FALSE	TRUE	none
Nvec_vc1.1_XM_001636622.3	B1	ARCH834_bHLH157	153	0.390677720136787	-0.261307981712317	HLH	HLH	FALSE	FALSE	TRUE	none
Nvec_vc1.1_XM_001636859.3	B1	ARCH483_Alx3/Alx4/Alx1_Barx...	32	0.245772815043391	-0.124868878529545	Homeodomains	Homeodomains	FALSE	FALSE	TRUE	none
Nvec_vc1.1_XM_001636862.3	A1	ARCH668_Emx1/Emx2_Gbx1/Gbx2...	2	0.40917269202376	0.298727774450949	Homeodomains	Homeodomains	FALSE	FALSE	TRUE	none
Nvec_vc1.1_XM_001636889.3	A1	ARCH485_Foxd2/Foxd4/Foxd3/F...	1	0.454694116650212	0.256824380239396	Forkhead	Forkhead	FALSE	FALSE	TRUE	none
Nvec_vc1.1_XM_001636971.3	B1	ARCH606_Gata3/Gata1/Gata2	2	0.254064743630536	-0.206010765256103	GATA	GATA	FALSE	FALSE	TRUE	none
Nvec_vc1.1_XM_001637115.3	B1	ARCH492_/Sox4/Sox11_Foxd2/F...	116	0.402667799225032	0	Forkhead	Forkhead	FALSE	FALSE	TRUE	none
Nvec_vc1.1_XM_001637155.3	B1	ARCH384_Msantd2_Rcor1/Rcor2...	126	0.124818885797442	0.0759403507426987	Myb	Myb	FALSE	FALSE	TRUE	none
Nvec_vc1.1_XM_001637190.3	B1	ARCH936_Nr2c1/Nr2c2_Nr2f1/N...	143	0.277202940910594	-0.264362751588934	zf-C2H2	zf-C2H2	FALSE	FALSE	TRUE	none
Nvec_vc1.1_XM_001637272.3	A1	ARCH1167_M08277_2.00__M0885...	32	0.233546647227765	0.337187191597156	zf-C2H2	zf-C2H2	FALSE	FALSE	TRUE	none
Nvec_vc1.1_XM_001637374.3	B1	ARCH407_Elf3/Ehf/Elf5_Erg/F...	18	0.389775045895833	-0.0449690549663999	Ets	Ets	FALSE	TRUE	TRUE	other
Nvec_vc1.1_XM_001637502.3	B1	ARCH1169_M03912_2.00	196	0.297117872285701	0	Myb	Myb	FALSE	TRUE	TRUE	other
Nvec_vc1.1_XM_001637508.3	B1	ARCH1284_IRF2__T1ISRE	52	0.111237579471264	0.0557370334784004	IRF	IRF	FALSE	FALSE	TRUE	none
Nvec_vc1.1_XM_001637733.3	A1	ARCH1177_Hnf1a/Hnf1b	22	0.363302320888281	0.33677245587026	Homeodomains	Homeodomains	FALSE	FALSE	TRUE	none
Nvec_vc1.1_XM_001638266.3	A1	ARCH133_M04019_2.00__bHLH34	45	0.334736892369381	0.179756167824946	bZIP	bZIP	FALSE	TRUE	TRUE	other
Nvec_vc1.1_XM_001638641.3	B1	ARCH1132_M08316_2.00__M0890...	26	0.17126329772405	0.0352020574597131	zf-C2H2	zf-C2H2	FALSE	FALSE	TRUE	none
Nvec_vc1.1_XM_001638761.3	A1	ARCH219_Snai2	28	0.220072971350734	0.409372572492575	zf-C2H2	zf-C2H2	FALSE	FALSE	TRUE	none
Nvec_vc1.1_XM_001638841.3	A1	ARCH494_Foxc2/Foxc1_Foxd2/F...	23	0.355291433481203	0.248887061463836	Forkhead	Forkhead	FALSE	FALSE	TRUE	none
Nvec_vc1.1_XM_001638852.3	A1	ARCH1080_/Sox4/Sox11_Sox13/...	24	0.165312986130174	0.241075949258251	HMGbox_Sox	HMGbox_Sox	FALSE	FALSE	TRUE	none
Nvec_vc1.1_XM_001639101.3	A1	ARCH839_Pax5/Pax8/Pax2	1	0.782431139641493	0.7377793043672	Pax/Homeodomain	Pax/Homeodomain	TRUE	TRUE	TRUE	assigned
Nvec_vc1.1_XM_001639164.3	A1	ARCH738_Hoxa1/Hoxb1/Hoxd1	74	0.200837613709836	0.156882404142803	Homeodomains	Homeodomains	FALSE	FALSE	TRUE	none
Nvec_vc1.1_XM_001639307.3	A1	ARCH50_Crem/Creb1/Atf1	82	0.197787255563024	0.116814926209531	bZIP	bZIP	FALSE	FALSE	TRUE	none
Nvec_vc1.1_XM_001639547.3	A1	ARCH308_Gfi1b/Gfi1	12	0.386206445950321	0.159794777658924	zf-C2H2	zf-C2H2	FALSE	TRUE	TRUE	other
Nvec_vc1.1_XM_001639692.3	A1	ARCH95_bHLH80__ZSCAN4	35	0.270666240000337	0.191922051845554	HLH	HLH	FALSE	FALSE	TRUE	none
Nvec_vc1.1_XM_001639701.3	A1	ARCH745_/Lef1/Tcf7l1/Tcf7	31	0.328228768050129	0.337167885689803	HMGbox_Sox	HMGbox_Sox	FALSE	FALSE	TRUE	none
Nvec_vc1.1_XM_001639705.3	A1	ARCH241_Yy1	14	0.154134083007496	0.171882800132608	zf-C2H2	zf-C2H2	FALSE	FALSE	TRUE	none
Nvec_vc1.1_XM_001639717.3	B1	ARCH1167_M08277_2.00__M0885...	22	0.211164792158254	0.0921654940254652	zf-C2H2	zf-C2H2	FALSE	FALSE	TRUE	none
Nvec_vc1.1_XM_001639766.3	A1	ARCH279_Yy1	1	0.233523928672582	0.28615178242532	zf-C2H2	zf-C2H2	FALSE	FALSE	TRUE	none
Nvec_vc1.1_XM_001640726.3	A1	ARCH330_Foxc2/Foxc1_Foxg1/G...	81	0.241654427615179	0.353151612949292	NFYA	NFYA	FALSE	TRUE	TRUE	other
Nvec_vc1.1_XM_001640743.3	A1	ARCH98_Ptf1a	68	0.35678092776889	0.299096869540578	HLH	HLH	FALSE	FALSE	TRUE	none
Nvec_vc1.1_XM_001640781.3	A1	ARCH254_M05250_2.00	434	0.103340351215383	0.307530198254061	Homeodomains	Homeodomains	FALSE	FALSE	TRUE	none
Nvec_vc1.1_XM_001640809.3	A1	ARCH92_Max/Ppp5c	9	0.336440726217583	0.299556599953325	HLH	HLH	FALSE	FALSE	TRUE	none
Nvec_vc1.1_XM_001640853.3	A1	ARCH156_Fos/Fosb/Fosl1/Fosl2	88	0.18362356229254	0.137097748884496	bZIP	bZIP	FALSE	FALSE	TRUE	none
Nvec_vc1.1_XM_001640990.3	A1	ARCH47_Ptf1a	14	0.276299084407159	0.402292753462614	HLH	HLH	FALSE	FALSE	TRUE	none
Nvec_vc1.1_XM_001641032.3	A1	ARCH685_Barx2/Barx1_Dlx4/Dl...	61	0.489258928037367	0.551493484201401	Homeodomains	Homeodomains	FALSE	TRUE	TRUE	other
Nvec_vc1.1_XM_001641086.3	A1	ARCH308_Gfi1b/Gfi1	31	0.370888398122302	0.474321663019268	zf-C2H2	zf-C2H2	FALSE	FALSE	TRUE	none
Nvec_vc1.1_XM_001641129.3	A1	ARCH239_Scrt2/Scrt1	1	0.597771561288553	0.572957016086568	zf-C2H2	zf-C2H2	FALSE	FALSE	TRUE	none
Nvec_vc1.1_XM_001641264.3	A1	ARCH348_Hoxa1/Hoxb1/Hoxd1	128	0.130270756753457	0.186622342002007	Homeodomains	Homeodomains	FALSE	FALSE	TRUE	none
Nvec_vc1.1_XM_001641552.3	A1	ARCH483_Alx3/Alx4/Alx1_Barx...	27	0.376182867465017	0.415639318845728	Homeodomains	Homeodomains	FALSE	TRUE	TRUE	other
Nvec_vc1.1_XM_001641575.3	A1	ARCH766_Six1/_Six4/Six5	8	0.544978129019024	0.265539698124924	Homeodomains	Homeodomains	FALSE	FALSE	TRUE	none
Nvec_vc1.1_XM_001641660.3	A1	ARCH757_Dmbx1_Gsc2/Gsc//Obo...	2	0.518670498796807	0.469484157292908	Homeodomains	Homeodomains	FALSE	FALSE	TRUE	none
Nvec_vc1.1_XM_001647471.3	A1	ARCH254_M05250_2.00	331	0.291829585475732	0.370395136511613	Homeodomains	Homeodomains	FALSE	FALSE	TRUE	none
Nvec_vc1.1_XM_001647488.3	B1	ARCH73_Irx6	38	0.369448658636905	0.0472274196080181	Homeodomains	Homeodomains	FALSE	FALSE	TRUE	none
Nvec_vc1.1_XM_032361813.2	A1	ARCH849_Cdc5lrt1/Cdc5lrt10/...	74	0.289180665735151	0.106475571952007	Myb	Myb	FALSE	TRUE	TRUE	other
Nvec_vc1.1_XM_032361814.2	B1	ARCH239_Scrt2/Scrt1	21	0.330912969291767	0	zf-C2H2	zf-C2H2	FALSE	FALSE	TRUE	none
Nvec_vc1.1_XM_032361849.2	A1	ARCH432_Elf3/Ehf/Elf5_Erg/F...	1	0.367796050400806	0.144509358614003	Ets	Ets	FALSE	TRUE	TRUE	other
Nvec_vc1.1_XM_032361976.2	A1	ARCH1282_IRF8__ISRE__IRF3	1	0.422768324565196	0.590232605610454	IRF	IRF	FALSE	FALSE	TRUE	none
Nvec_vc1.1_XM_032362135.2	A1	ARCH17_Arid5b/Arid5a	36	0.446694258394257	0.203478692821471	ARID_BRIGHT	ARID_BRIGHT	FALSE	FALSE	TRUE	none
Nvec_vc1.1_XM_032362307.2	B1	ARCH250_Elf3/Ehf/Elf5_Erg/F...	59	0.28348394356989	-0.221960736241481	Homeodomains	Homeodomains	FALSE	FALSE	TRUE	none
Nvec_vc1.1_XM_032362346.2	A1	ARCH1007_M03442_2.00__M0344...	468	0.105872264688072	0.353376336855347	Homeodomains	Homeodomains	FALSE	TRUE	TRUE	other
Nvec_vc1.1_XM_032362379.2	A1	ARCH741_Meis3/Meis2/Meis1_P...	2	0.528116848057918	0.500994000924861	Homeodomains	Homeodomains	FALSE	TRUE	TRUE	other
Nvec_vc1.1_XM_032362387.2	A1	ARCH778_PRDM1	203	0.157201068596206	0.141581794345185	Doublesex_DM	Doublesex_DM	FALSE	TRUE	TRUE	other
Nvec_vc1.1_XM_032362396.2	B1	ARCH766_Six1/_Six4/Six5	41	0.459713564382659	-0.287253098739595	Homeodomains	Homeodomains	FALSE	FALSE	TRUE	none
Nvec_vc1.1_XM_032362607.2	A1	ARCH537_Foxn4/Foxn1	148	0.5040694107361	0.598851498082873	Forkhead	Forkhead	FALSE	FALSE	TRUE	none
Nvec_vc1.1_XM_032362713.2	B1	ARCH743_Meis3/Meis2/Meis1_P...	5	0.350052176932387	-0.117824135828317	Homeodomains	Homeodomains	FALSE	FALSE	TRUE	none
Nvec_vc1.1_XM_032362829.1	B1	ARCH96_Ptf1a__NHLH2__BHLHE2...	19	0.644895076832913	0	HLH	HLH	FALSE	FALSE	TRUE	none
Nvec_vc1.1_XM_032362934.2	A1	ARCH426_Elf3/Ehf/Elf5_Erg/F...	6	0.533944125538753	0.138442210255195	Ets	Ets	FALSE	TRUE	TRUE	other
Nvec_vc1.1_XM_032362959.2	A1	ARCH548_Mef2c/Mef2b/Mef2a/M...	2	0.675433178502513	0.182713232765885	MADS-box_SRF	MADS-box_SRF	FALSE	FALSE	TRUE	none
Nvec_vc1.1_XM_032363017.2	B1	ARCH65_Twist2/Twist1	21	0.500423948428776	-0.0920527607872435	HLH	HLH	FALSE	FALSE	TRUE	none
Nvec_vc1.1_XM_032363027.2	A1	ARCH305_Zfp760/Zfp770	4	0.205089898723977	0.208750918903188	zf-C2H2	zf-C2H2	FALSE	FALSE	TRUE	none
Nvec_vc1.1_XM_032363271.2	B1	ARCH972_Hnf4g/Hnf4a_Nr2c1/N...	10	0.203823240385999	0.0550582445518461	zf-C4_Nuclear_receptors	zf-C4_Nuclear_receptors	FALSE	FALSE	TRUE	none
Nvec_vc1.1_XM_032363350.2	A1	ARCH839_Pax5/Pax8/Pax2	2	0.526405033786631	0.281668781279473	Homeodomains	Homeodomains	FALSE	FALSE	TRUE	none
Nvec_vc1.1_XM_032363417.2	A1	ARCH308_Gfi1b/Gfi1	122	0.230842976311544	0.507626537116176	zf-C2H2	zf-C2H2	FALSE	FALSE	TRUE	none
Nvec_vc1.1_XM_032363603.2	B1	ARCH1047_Tbx18/Tbx22/Tbx15_...	65	0.637047136338568	0.0354766819410153	T-box	T-box	FALSE	FALSE	TRUE	none
Nvec_vc1.1_XM_032363733.2	A1	ARCH936_Nr2c1/Nr2c2_Nr2f1/N...	143	0.390277193801082	0.111421038647947	zf-C2H2	zf-C2H2	FALSE	TRUE	TRUE	other
Nvec_vc1.1_XM_032363859.2	A1	ARCH522_Foxa3/Foxa1/Foxa2_F...	2	0.385594298535118	0.214050315032275	Forkhead	Forkhead	FALSE	TRUE	TRUE	other
Nvec_vc1.1_XM_032363874.2	B1	ARCH704_Nanog	1	0.336950270088463	-0.00545922644454652	Homeodomains	Homeodomains	FALSE	TRUE	TRUE	other
Nvec_vc1.1_XM_032363920.2	A1	ARCH682_Emx1/Emx2_Hmx1/Hmx3...	57	0.547592390280129	0.236859790474943	Homeodomains	Homeodomains	FALSE	FALSE	TRUE	none
Nvec_vc1.1_XM_032363985.2	A1	ARCH105_Cebpd/Cebpe/Cebpa/C...	154	0.1590184209909	0.160587983676587	bZIP	bZIP	FALSE	TRUE	TRUE	other
Nvec_vc1.1_XM_032363992.2	A1	ARCH9_POU4F1	1	0.773947830881989	0.431544936253425	Pou/Homeodomain	Pou/Homeodomain	FALSE	FALSE	TRUE	none
Nvec_vc1.1_XM_032364001.2	B1	ARCH753_Smad4	85	0.177198002591594	-0.118022366158624	SMAD_MH1	SMAD_MH1	FALSE	FALSE	TRUE	none
Nvec_vc1.1_XM_032364121.2	A1	ARCH766_Six1/_Six4/Six5	35	0.437134995626389	0.318952722885088	Homeodomains	Homeodomains	FALSE	FALSE	TRUE	none
Nvec_vc1.1_XM_032364139.2	A1	ARCH96_Ptf1a__NHLH2__BHLHE2...	368	0.126322228145711	0.245023732285328	HLH	HLH	FALSE	FALSE	TRUE	none
Nvec_vc1.1_XM_032364195.2	B1	ARCH936_Nr2c1/Nr2c2_Nr2f1/N...	20	0.284392568795374	0.0294660557175467	zf-C2H2	zf-C2H2	FALSE	FALSE	TRUE	none
Nvec_vc1.1_XM_032364225.2	C1	ARCH107_Cic_Hbp1_Sox13/Sox5...	1279	-0.131424268505591	0.382696782046341	HMGbox_Sox	HMGbox_Sox	FALSE	FALSE	TRUE	none
Nvec_vc1.1_XM_032364281.2	A1	ARCH583_0610010K14Rik	107	0.364983576998803	0.454938665892181	Myb	Myb	FALSE	FALSE	TRUE	none
Nvec_vc1.1_XM_032364329.2	A1	ARCH827_Hsf1/Hsf2/Hsf4/Hsf3	2	0.463167562839323	0.155080769865845	HSF	HSF	TRUE	TRUE	TRUE	assigned
Nvec_vc1.1_XM_032364331.2	A2	ARCH557_LEU3	3	0.384109737633923	0.626645947180311	""	TEA	FALSE	FALSE	TRUE	none
Nvec_vc1.1_XM_032364348.2	A1	ARCH46_Ptf1a_Tfap4	2	0.505364314531908	0.451701755772349	HLH	HLH	FALSE	FALSE	TRUE	none
Nvec_vc1.1_XM_032364359.2	B1	ARCH1080_/Sox4/Sox11_Sox13/...	15	0.299678336818009	-0.0176386154992738	HMGbox_Sox	HMGbox_Sox	FALSE	FALSE	TRUE	none
Nvec_vc1.1_XM_032364373.2	A1	ARCH1284_IRF2__T1ISRE	2	0.169887881799829	0.332031441762577	IRF	IRF	FALSE	FALSE	TRUE	none
Nvec_vc1.1_XM_032364561.2	A1	ARCH741_Meis3/Meis2/Meis1_P...	163	0.153618169683778	0.451300457566366	Homeodomains	Homeodomains	FALSE	TRUE	TRUE	other
Nvec_vc1.1_XM_032364605.2	A1	ARCH664_Alx3/Alx4/Alx1_Barx...	10	0.348343460906486	0.324503094136434	Homeodomains	Homeodomains	FALSE	FALSE	TRUE	none
Nvec_vc1.1_XM_032364704.2	A1	ARCH235_Klf5_Klf8	45	0.477026930528657	0.232833966412266	zf-C2H2	zf-C2H2	FALSE	FALSE	TRUE	none
Nvec_vc1.1_XM_032364773.2	A1	ARCH666_Alx3/Alx4/Alx1_Barx...	220	0.109185363432567	0.201712584156768	Homeodomains	Homeodomains	FALSE	FALSE	TRUE	none
Nvec_vc1.1_XM_032364784.2	A1	ARCH704_Nanog	10	0.530208128375838	0.259676771963663	Homeodomains	Homeodomains	FALSE	FALSE	TRUE	none
Nvec_vc1.1_XM_032364814.2	A1	ARCH1167_M08277_2.00__M0885...	89	0.336024184540926	0.412283692501038	zf-C2H2	zf-C2H2	FALSE	FALSE	TRUE	none
Nvec_vc1.1_XM_032364851.2	B1	ARCH239_Scrt2/Scrt1	3	0.402561545359134	-0.239912190546002	zf-C2H2	zf-C2H2	FALSE	FALSE	TRUE	none
Nvec_vc1.1_XM_032364887.2	A1	ARCH547_Foxa3/Foxa1/Foxa2_F...	8	0.551039274652964	0.454087457730791	Forkhead	Forkhead	FALSE	FALSE	TRUE	none
Nvec_vc1.1_XM_032364903.2	B1	ARCH285_M06063_2.00	2	0.276544957495704	0.0016767410817414	zf-C2H2	zf-C2H2	FALSE	FALSE	TRUE	none
Nvec_vc1.1_XM_032365096.2	A1	ARCH1015_Rfx1/Rfx3/Rfx2_Rfx6	101	0.301269854160852	0.324175018321484	RFX	RFX	TRUE	TRUE	TRUE	assigned
Nvec_vc1.1_XM_032365104.2	A1	ARCH21_Foxa3/Foxa1/Foxa2_Fo...	46	0.123903131966937	0.454393363446584	Forkhead	Forkhead	FALSE	FALSE	TRUE	none
Nvec_vc1.1_XM_032365192.2	A1	ARCH54_Usf3	56	0.104167487750514	0.242825318783968	HLH	HLH	FALSE	FALSE	TRUE	none
Nvec_vc1.1_XM_032365212.2	A1	ARCH4_Alx3/Alx4/Alx1_Barx2/...	147	0.173019188708687	0.336918799898745	Homeodomains	Homeodomains	FALSE	FALSE	TRUE	none
Nvec_vc1.1_XM_032365977.2	B1	ARCH321_Egr3/Egr1	1	0.413503001895198	0.0508987460462015	zf-C2H2	zf-C2H2	FALSE	FALSE	TRUE	none
Nvec_vc1.1_XM_032366030.2	A1	ARCH357_bHLH122	123	0.320922766316199	0.295913544951655	HLH	HLH	FALSE	FALSE	TRUE	none
Nvec_vc1.1_XM_032366085.2	A1	ARCH348_Hoxa1/Hoxb1/Hoxd1	10	0.363150028723454	0.188702779300464	Homeodomains	Homeodomains	FALSE	FALSE	TRUE	none
Nvec_vc1.1_XM_032366098.2	A1	ARCH92_Max/Ppp5c	5	0.341790420196765	0.280794834800253	HLH	HLH	FALSE	FALSE	TRUE	none
Nvec_vc1.1_XM_032366210.2	B1	ARCH839_Pax5/Pax8/Pax2	1	0.347566062432713	-0.0500452107648271	Homeodomains	Homeodomains	FALSE	FALSE	TRUE	none
Nvec_vc1.1_XM_032366211.2	A1	ARCH719_M03783_2.00	5	0.446167707554858	0.569043659685552	Homeodomains	Homeodomains	FALSE	FALSE	TRUE	none
Nvec_vc1.1_XM_032366225.2	A1	ARCH936_Nr2c1/Nr2c2_Nr2f1/N...	99	0.465197127450641	0.364697016532103	zf-C2H2	zf-C2H2	FALSE	TRUE	TRUE	other
Nvec_vc1.1_XM_032366242.2	B1	ARCH168_Crem/Creb1/Atf1	36	0.326815949403809	-0.044424309505143	bZIP	bZIP	FALSE	FALSE	TRUE	none
Nvec_vc1.1_XM_032366602.2	A1	ARCH426_Elf3/Ehf/Elf5_Erg/F...	167	0.319627147079395	0.190143332329988	Ets	Ets	FALSE	TRUE	TRUE	other
Nvec_vc1.1_XM_032366609.2	A1	ARCH4_Alx3/Alx4/Alx1_Barx2/...	22	0.328528086261413	0.273063291079066	Homeodomains	Homeodomains	FALSE	FALSE	TRUE	none
Nvec_vc1.1_XM_032366627.2	B1	ARCH219_Snai2	37	0.449217798325889	-0.0529256479059975	zf-C2H2	zf-C2H2	FALSE	TRUE	TRUE	other
Nvec_vc1.1_XM_032366646.2	A1	ARCH17_Arid5b/Arid5a	41	0.324539315745729	0.309355627360437	ARID_BRIGHT	ARID_BRIGHT	TRUE	TRUE	TRUE	assigned
Nvec_vc1.1_XM_032366665.2	B1	ARCH360_Six1/_Six4/Six5	27	0.437385721099757	0	Homeodomains	Homeodomains	FALSE	FALSE	TRUE	none
Nvec_vc1.1_XM_032366733.2	A1	ARCH717_Alx3/Alx4/Alx1_Barx...	1	0.48013491621856	0.374470810814094	Homeodomains	Homeodomains	FALSE	FALSE	TRUE	none
Nvec_vc1.1_XM_032366739.2	B1	ARCH528_/Lef1/Tcf7l1/Tcf7	283	0.219159320584991	-0.166766038710445	HMGbox_Sox	HMGbox_Sox	FALSE	FALSE	TRUE	none
Nvec_vc1.1_XM_032366790.2	C1	ARCH248_M08020_2.00	1119	-0.252063440374716	0.20984128053536	THAP_finger	THAP_finger	FALSE	FALSE	TRUE	none
Nvec_vc1.1_XM_032366797.2	C1	ARCH384_Msantd2_Rcor1/Rcor2...	719	-0.0442949677314737	0.101561237262303	Myb	Myb	FALSE	FALSE	TRUE	none
Nvec_vc1.1_XM_032366836.2	B1	ARCH1007_M03442_2.00__M0344...	2	0.417243315544298	-0.329509071556179	Homeodomains	Homeodomains	FALSE	FALSE	TRUE	none
Nvec_vc1.1_XM_032366964.2	B1	ARCH236_M03668_2.00__M05861...	1	0.413709842564504	-0.0322317595160414	zf-C2H2	zf-C2H2	FALSE	FALSE	TRUE	none
Nvec_vc1.1_XM_032366979.2	B1	ARCH741_Meis3/Meis2/Meis1_P...	16	0.474472565817141	-0.0223537214896044	Homeodomains	Homeodomains	FALSE	FALSE	TRUE	none
Nvec_vc1.1_XM_032367023.2	A1	ARCH757_Dmbx1_Gsc2/Gsc//Obo...	1	0.458636613512347	0.383361716003385	Homeodomains	Homeodomains	FALSE	FALSE	TRUE	none
Nvec_vc1.1_XM_032367075.2	B1	ARCH685_Barx2/Barx1_Dlx4/Dl...	56	0.548098608486058	0	Homeodomains	Homeodomains	FALSE	FALSE	TRUE	none
Nvec_vc1.1_XM_032367127.2	B1	ARCH168_Crem/Creb1/Atf1	10	0.237463336970903	-0.267020588354622	bZIP	bZIP	FALSE	FALSE	TRUE	none
Nvec_vc1.1_XM_032367197.2	A1	ARCH279_Yy1	5	0.152078069032038	0.300504788666404	zf-C2H2	zf-C2H2	FALSE	FALSE	TRUE	none
Nvec_vc1.1_XM_032367288.2	A1	ARCH35_Gata3/Gata1/Gata2	1	0.849314935689225	0.258133540138863	GATA	GATA	TRUE	TRUE	TRUE	assigned
Nvec_vc1.1_XM_032367750.2	C1	ARCH384_Msantd2_Rcor1/Rcor2...	261	0.0448166124277241	0.152486225652838	Myb	Myb	FALSE	TRUE	TRUE	other
Nvec_vc1.1_XM_032367802.2	A1	ARCH308_Gfi1b/Gfi1	1	0.497881828225952	0.180032834712525	zf-C2H2	zf-C2H2	FALSE	FALSE	TRUE	none
Nvec_vc1.1_XM_032368799.2	B1	ARCH936_Nr2c1/Nr2c2_Nr2f1/N...	144	0.210871860015556	-0.0590844013194795	zf-C2H2	zf-C2H2	FALSE	FALSE	TRUE	none
Nvec_vc1.1_XM_032369367.2	A1	ARCH48_Srebf2/Srebf1	2	0.298600923632884	0.235401295789127	HLH	HLH	FALSE	FALSE	TRUE	none
Nvec_vc1.1_XM_032369373.2	A1	ARCH1274_PRDM14	102	0.270619508375684	0.249897270455207	Doublesex_DM	Doublesex_DM	FALSE	TRUE	TRUE	other
Nvec_vc1.1_XM_032369437.2	B1	ARCH308_Gfi1b/Gfi1	18	0.337312746205284	0.0618674886494692	zf-C2H2	zf-C2H2	FALSE	TRUE	TRUE	other
Nvec_vc1.1_XM_032369810.2	C1	ARCH17_Arid5b/Arid5a	323	0.0322286189887402	0.162891378231821	ARID_BRIGHT	ARID_BRIGHT	FALSE	FALSE	TRUE	none
Nvec_vc1.1_XM_032370011.2	A1	ARCH483_Alx3/Alx4/Alx1_Barx...	1	0.553025893093129	0.427319472257921	Homeodomains	Homeodomains	FALSE	TRUE	TRUE	other
Nvec_vc1.1_XM_032370013.2	A1	ARCH703_Barx2/Barx1_Dmbx1_E...	36	0.287009324855699	0.183823443394084	Homeodomains	Homeodomains	FALSE	TRUE	TRUE	other
Nvec_vc1.1_XM_032370269.2	A1	ARCH156_Fos/Fosb/Fosl1/Fosl2	218	0.17896949723855	0.146748670657955	bZIP	bZIP	FALSE	FALSE	TRUE	none
Nvec_vc1.1_XM_032370334.2	A1	ARCH221_M08176_2.00	221	0.145974432411951	0.177745364896294	THAP_finger	THAP_finger	FALSE	FALSE	TRUE	none
Nvec_vc1.1_XM_032370541.2	A1	ARCH831_Smad4	51	0.176881257620872	0.152614858740427	SMAD_MH1	SMAD_MH1	TRUE	TRUE	TRUE	assigned
Nvec_vc1.1_XM_032370623.2	A1	ARCH856_Pdp1	147	0.127789532296696	0.149438353845491	E2F_TDP	E2F_TDP	FALSE	TRUE	TRUE	other
Nvec_vc1.1_XM_032370984.2	A1	ARCH47_Ptf1a	10	0.716387863212293	0.486264125036792	HLH	HLH	FALSE	FALSE	TRUE	none
Nvec_vc1.1_XM_032371032.2	A1	ARCH483_Alx3/Alx4/Alx1_Barx...	23	0.352178838399218	0.416601671704505	Homeodomains	Homeodomains	FALSE	FALSE	TRUE	none
Nvec_vc1.1_XM_032371091.2	B1	ARCH203_Klf11_Klf5_Klf7_Klf8	34	0.14699027276854	-0.0301814454490254	zf-C2H2	zf-C2H2	FALSE	FALSE	TRUE	none
Nvec_vc1.1_XM_032371093.2	B1	ARCH246_Yy1	4	0.11211224852097	-0.01791930250229	zf-C2H2	zf-C2H2	FALSE	FALSE	TRUE	none
Nvec_vc1.1_XM_032371094.2	A1	ARCH215_Yy1	2	0.133380342163252	0.105341844823076	zf-C2H2	zf-C2H2	FALSE	FALSE	TRUE	none
Nvec_vc1.1_XM_032371469.2	A1	ARCH334_Nfya_Pbx4/Pbx2/Pbx1	5	0.371361565733853	0.256840156787476	Homeodomains	Homeodomains	FALSE	FALSE	TRUE	none
Nvec_vc1.1_XM_032371744.2	A1	ARCH835_Dmrt1	78	0.351939463492399	0.231261121041891	Doublesex_DM	Doublesex_DM	FALSE	TRUE	TRUE	other
Nvec_vc1.1_XM_032371845.2	A1	ARCH245_Yy1	6	0.133174655661768	0.142943177654387	zf-C2H2	zf-C2H2	FALSE	FALSE	TRUE	none
Nvec_vc1.1_XM_032371859.2	B1	ARCH1007_M03442_2.00__M0344...	13	0.157846714734987	-0.0349382939239242	Homeodomains	Homeodomains	FALSE	FALSE	TRUE	none
Nvec_vc1.1_XM_032371996.2	A1	ARCH1081_/Lef1/Tcf7l1/Tcf7	98	0.120576059316972	0.117935992769589	HMGbox_Sox	HMGbox_Sox	TRUE	TRUE	TRUE	assigned
Nvec_vc1.1_XM_032372025.2	C1	ARCH357_bHLH122	574	-0.00110992149755643	0.526285464830547	HLH	HLH	FALSE	TRUE	TRUE	other
Nvec_vc1.1_XM_032372072.2	B1	ARCH1076_/Sox4/Sox11_Sox13/...	11	0.711166404525281	0	HMGbox_Sox	HMGbox_Sox	FALSE	FALSE	TRUE	none
Nvec_vc1.1_XM_032372078.2	A1	ARCH24_Nr2c1/Nr2c2_Nr2f1/Nr...	287	0.127815818429013	0.268439329180114	zf-C4_Nuclear_receptors	zf-C4_Nuclear_receptors	FALSE	TRUE	TRUE	other
Nvec_vc1.1_XM_032372114.2	A1	ARCH133_M04019_2.00__bHLH34	27	0.313028902743421	0.190819052783421	bZIP	bZIP	FALSE	TRUE	TRUE	other
Nvec_vc1.1_XM_032372258.2	B1	ARCH245_Yy1	2	0.169865058459993	0.021866062792966	zf-C2H2	zf-C2H2	FALSE	FALSE	TRUE	none
Nvec_vc1.1_XM_032372264.2	A1	ARCH745_/Lef1/Tcf7l1/Tcf7	9	0.393966808360438	0.395011441642341	HMGbox_Sox	HMGbox_Sox	FALSE	FALSE	TRUE	none
Nvec_vc1.1_XM_032372575.2	B1	ARCH1169_M03912_2.00	48	0.117947881434495	-0.204918914092375	Myb	Myb	FALSE	FALSE	TRUE	none
Nvec_vc1.1_XM_032372867.2	A1	ARCH308_Gfi1b/Gfi1	89	0.253603238417934	0.176009842015789	zf-C2H2	zf-C2H2	FALSE	FALSE	TRUE	none
Nvec_vc1.1_XM_032372883.2	A2	ARCH224_Slug	7	0.191583344177367	0.521591717371352	""	Myb	FALSE	FALSE	TRUE	none
Nvec_vc1.1_XM_032372904.2	A1	ARCH766_Six1/_Six4/Six5	18	0.528539208176061	0.279627515928803	Homeodomains	Homeodomains	FALSE	FALSE	TRUE	none
Nvec_vc1.1_XM_032373020.2	A1	ARCH236_M03668_2.00__M05861...	40	0.211960818669616	0.163108041114371	zf-C2H2	zf-C2H2	FALSE	FALSE	TRUE	none
Nvec_vc1.1_XM_032373062.2	A1	ARCH1093_/Sox4/Sox11_Sox13/...	35	0.449331695889404	0.208354315645937	HMGbox_Sox	HMGbox_Sox	FALSE	FALSE	TRUE	none
Nvec_vc1.1_XM_032373099.2	A1	ARCH1265_POU3F1	2	0.726236795059285	0.483049441589283	Pou/Homeodomain	Pou/Homeodomain	FALSE	FALSE	TRUE	none
Nvec_vc1.1_XM_032373496.2	A1	ARCH766_Six1/_Six4/Six5	12	0.335767978193336	0.384787492764518	Homeodomains	Homeodomains	FALSE	FALSE	TRUE	none
Nvec_vc1.1_XM_032373497.2	A1	ARCH766_Six1/_Six4/Six5	8	0.543953708033327	0.270361423545987	Homeodomains	Homeodomains	FALSE	FALSE	TRUE	none
Nvec_vc1.1_XM_032373617.2	A1	ARCH741_Meis3/Meis2/Meis1_P...	20	0.488289281640737	0.374511893762535	Homeodomains	Homeodomains	FALSE	TRUE	TRUE	other
Nvec_vc1.1_XM_032373618.2	A1	ARCH741_Meis3/Meis2/Meis1_P...	11	0.488277050001113	0.134167570241013	Homeodomains	Homeodomains	FALSE	TRUE	TRUE	other
Nvec_vc1.1_XM_032373624.2	A1	ARCH133_M04019_2.00__bHLH34	52	0.284537582889017	0.10338565172426	bZIP	bZIP	FALSE	FALSE	TRUE	none
Nvec_vc1.1_XM_032373800.2	A1	ARCH936_Nr2c1/Nr2c2_Nr2f1/N...	156	0.60824314610508	0.103659069571769	zf-C2H2	zf-C2H2	FALSE	FALSE	TRUE	none
Nvec_vc1.1_XM_032373943.2	A1	ARCH241_Yy1	9	0.207820744950214	0.226059555705718	zf-C2H2	zf-C2H2	FALSE	FALSE	TRUE	none
Nvec_vc1.1_XM_032374008.2	A1	ARCH1202_Srebf2/Srebf1	149	0.635250246466814	0.310179573148601	HLH	HLH	FALSE	TRUE	TRUE	other
Nvec_vc1.1_XM_032374029.2	B1	ARCH122_Atf7/Gm28047/Creb5/...	89	0.269073296121318	-0.00524179957593697	bZIP	bZIP	FALSE	FALSE	TRUE	none
Nvec_vc1.1_XM_032374041.2	A1	ARCH719_M03783_2.00	9	0.214739528916294	0.209627512177463	Homeodomains	Homeodomains	FALSE	FALSE	TRUE	none
Nvec_vc1.1_XM_032374352.2	A1	ARCH21_Foxa3/Foxa1/Foxa2_Fo...	12	0.251981156633294	0.252150635565698	Forkhead	Forkhead	FALSE	FALSE	TRUE	none
Nvec_vc1.1_XM_032374382.2	B1	ARCH308_Gfi1b/Gfi1	69	0.18994324359302	-0.00310939775246172	zf-C2H2	zf-C2H2	FALSE	FALSE	TRUE	none
Nvec_vc1.1_XM_032374843.2	A1	ARCH1047_Tbx18/Tbx22/Tbx15_...	1	0.880648227944158	0.734117059392172	T-box	T-box	FALSE	TRUE	TRUE	other
Nvec_vc1.1_XM_032374853.2	A1	ARCH743_Meis3/Meis2/Meis1_P...	8	0.409597086887891	0.160783319190833	Homeodomains	Homeodomains	FALSE	FALSE	TRUE	none
Nvec_vc1.1_XM_032374864.2	A1	ARCH738_Hoxa1/Hoxb1/Hoxd1	1	0.28126207964338	0.222613712586769	Homeodomains	Homeodomains	FALSE	FALSE	TRUE	none
Nvec_vc1.1_XM_032374977.2	B1	ARCH65_Twist2/Twist1	136	0.293215066904688	-0.219299834525334	HLH	HLH	FALSE	FALSE	TRUE	none
Nvec_vc1.1_XM_032375107.2	B1	ARCH483_Alx3/Alx4/Alx1_Barx...	31	0.429749682622852	0	Homeodomains	Homeodomains	FALSE	FALSE	TRUE	none
Nvec_vc1.1_XM_032375153.2	C1	ARCH384_Msantd2_Rcor1/Rcor2...	1080	-0.0972391508795022	0.2590795765532	Myb	Myb	FALSE	FALSE	TRUE	none
Nvec_vc1.1_XM_032375228.2	A1	ARCH1036_Rfx1/Rfx3/Rfx2_Rfx6	2	0.515401182890063	0.636319636725956	RFX	RFX	TRUE	TRUE	TRUE	assigned
Nvec_vc1.1_XM_032375280.2	B1	ARCH58_Srebf2/Srebf1	39	0.177486150487066	0.0850460214461208	HLH	HLH	FALSE	FALSE	TRUE	none
Nvec_vc1.1_XM_032375349.2	A1	ARCH93_Ptf1a	6	0.490367342056714	0.27569556273427	HLH	HLH	FALSE	FALSE	TRUE	none
Nvec_vc1.1_XM_032375407.2	B1	ARCH1202_Srebf2/Srebf1	292	0.165566300499184	-0.241249783247343	HLH	HLH	FALSE	FALSE	TRUE	none
Nvec_vc1.1_XM_032375602.2	A1	ARCH219_Snai2	10	0.532914405445717	0.349930532741841	zf-C2H2	zf-C2H2	FALSE	FALSE	TRUE	none
Nvec_vc1.1_XM_032375635.2	A1	ARCH762_Dmbx1_Gsc2/Gsc//Obo...	2	0.526638732956636	0.146198368658137	Homeodomains	Homeodomains	FALSE	FALSE	TRUE	none
Nvec_vc1.1_XM_032375670.2	A1	ARCH361_Dmrt2_Dmrtc2	25	0.31268463490537	0.344159866632312	Doublesex_DM	Doublesex_DM	TRUE	TRUE	TRUE	assigned
Nvec_vc1.1_XM_032375721.2	C1	ARCH236_M03668_2.00__M05861...	1161	-0.059332124890096	0.308998120942598	zf-C2H2	zf-C2H2	FALSE	FALSE	TRUE	none
Nvec_vc1.1_XM_032375915.2	A1	ARCH236_M03668_2.00__M05861...	1	0.668772171078188	0.587194174897897	zf-C2H2	zf-C2H2	FALSE	FALSE	TRUE	none
Nvec_vc1.1_XM_032376092.2	A1	ARCH1169_M03912_2.00	204	0.306772224944923	0.310018021750973	Myb	Myb	FALSE	TRUE	TRUE	other
Nvec_vc1.1_XM_032376206.2	A1	ARCH6_M00889_2.00	54	0.153934547787111	0.164313128766546	HMGbox_Sox	HMGbox_Sox	FALSE	FALSE	TRUE	none
Nvec_vc1.1_XM_032376267.2	A1	ARCH1093_/Sox4/Sox11_Sox13/...	7	0.425470482750817	0.336876541418493	HMGbox_Sox	HMGbox_Sox	FALSE	FALSE	TRUE	none
Nvec_vc1.1_XM_032376421.2	A1	ARCH77_MNT__bHLH18	2	0.403739285148129	0.382252764564236	HLH	HLH	FALSE	FALSE	TRUE	none
Nvec_vc1.1_XM_032376554.2	A1	ARCH1132_M08316_2.00__M0890...	25	0.482503383922908	0.63073581876666	zf-C2H2	zf-C2H2	FALSE	FALSE	TRUE	none
Nvec_vc1.1_XM_032376608.2	A1	ARCH743_Meis3/Meis2/Meis1_P...	1	0.786837217810428	0.44491037434329	Homeodomains	Homeodomains	FALSE	FALSE	TRUE	none
Nvec_vc1.1_XM_032376736.2	B1	ARCH194_Egr3/Egr1_Sp6/Sp5_S...	8	0.134332786916376	-0.0420790747523863	zf-C2H2	zf-C2H2	FALSE	FALSE	TRUE	none
Nvec_vc1.1_XM_032376926.2	B1	ARCH122_Atf7/Gm28047/Creb5/...	17	0.300216984353933	-0.0250527212911251	bZIP	bZIP	FALSE	TRUE	TRUE	other
Nvec_vc1.1_XM_032376930.1	A1	ARCH279_Yy1	1	0.220334780671546	0.2839531422935	zf-C2H2	zf-C2H2	FALSE	FALSE	TRUE	none
Nvec_vc1.1_XM_032376939.2	A1	ARCH743_Meis3/Meis2/Meis1_P...	2	0.319553978092751	0.174769061915632	Homeodomains	Homeodomains	FALSE	FALSE	TRUE	none
Nvec_vc1.1_XM_032377135.2	B1	ARCH353_Dmrtc2_Irx6	56	0.146267224988138	0.0705051916872387	Homeodomains	Homeodomains	FALSE	FALSE	TRUE	none
Nvec_vc1.1_XM_032377358.2	A1	ARCH360_Six1/_Six4/Six5	29	0.484823790893592	0.220338496333132	Homeodomains	Homeodomains	FALSE	FALSE	TRUE	none
Nvec_vc1.1_XM_032377390.2	A1	ARCH1177_Hnf1a/Hnf1b	3	0.31698224334731	0.363174662724355	Homeodomains	Homeodomains	FALSE	FALSE	TRUE	none
Nvec_vc1.1_XM_032377450.2	A1	ARCH1047_Tbx18/Tbx22/Tbx15_...	3	0.789946094142576	0.721048150297194	T-box	T-box	FALSE	FALSE	TRUE	none
Nvec_vc1.1_XM_032377759.2	A1	ARCH19_Dmrt2_Dmrtc2	261	0.105690922149838	0.137971299457301	Doublesex_DM	Doublesex_DM	TRUE	TRUE	TRUE	assigned
Nvec_vc1.1_XM_032377792.2	A1	ARCH876_Mef2c/Mef2b/Mef2a/M...	22	0.308212941654163	0.418664585969341	MADS-box_SRF	MADS-box_SRF	FALSE	FALSE	TRUE	none
Nvec_vc1.1_XM_032377883.2	A2	ARCH490_FOXK1	7	0.451766497950337	0.467215891611683	""	P53	FALSE	FALSE	TRUE	none
Nvec_vc1.1_XM_032377897.2	A1	ARCH93_Ptf1a	6	0.52673160150066	0.600479619399628	Ets	Ets	FALSE	FALSE	TRUE	none
Nvec_vc1.1_XM_032378000.2	B1	ARCH842_M06438_2.00	102	0.247437368227944	-0.0738408048530073	Homeodomains	Homeodomains	FALSE	TRUE	TRUE	other
Nvec_vc1.1_XM_032378021.2	A1	ARCH1136_Tbx19/T	20	0.210478207094121	0.320434492827661	T-box	T-box	TRUE	TRUE	TRUE	assigned
Nvec_vc1.1_XM_032378048.2	A1	ARCH920_M09281_2.00__M09302...	11	0.64345601988807	0.689449471889124	zf-C4_Nuclear_receptors	zf-C4_Nuclear_receptors	FALSE	TRUE	TRUE	other
Nvec_vc1.1_XM_032378152.2	A1	ARCH745_/Lef1/Tcf7l1/Tcf7	32	0.219903624701354	0.337350485887082	HMGbox_Sox	HMGbox_Sox	FALSE	FALSE	TRUE	none
Nvec_vc1.1_XM_032378255.2	A1	ARCH247_Yy1	1	0.159736039686939	0.298053955854957	zf-C2H2	zf-C2H2	FALSE	TRUE	TRUE	other
Nvec_vc1.1_XM_032378312.2	A1	ARCH239_Scrt2/Scrt1	60	0.138447401016289	0.389692477736653	zf-C2H2	zf-C2H2	FALSE	FALSE	TRUE	none
Nvec_vc1.1_XM_032378323.2	B1	ARCH245_Yy1	1	0.245380318766693	-0.0239014307143111	zf-C2H2	zf-C2H2	FALSE	FALSE	TRUE	none
Nvec_vc1.1_XM_032378338.2	A1	ARCH257_M04483_2.00__M04484...	7	0.23951448658673	0.192759826073245	zf-C2H2	zf-C2H2	FALSE	TRUE	TRUE	other
Nvec_vc1.1_XM_032378402.2	B1	ARCH386_/E2f4_E2f6_E2f8/E2f7	351	0.21190677034238	-0.172579228296803	E2F_TDP	E2F_TDP	FALSE	TRUE	TRUE	other
Nvec_vc1.1_XM_032378403.2	A1	ARCH308_Gfi1b/Gfi1	22	0.195474380545682	0.344618896971976	zf-C2H2	zf-C2H2	FALSE	TRUE	TRUE	other
Nvec_vc1.1_XM_032378649.2	A1	ARCH173_Crem/Creb1/Atf1	217	0.326578077735616	0.367720738779168	bZIP	bZIP	FALSE	FALSE	TRUE	none
Nvec_vc1.1_XM_032378769.2	A1	ARCH684_Alx3/Alx4/Alx1_Barx...	55	0.553233893561981	0.552130979202318	Homeodomains	Homeodomains	FALSE	TRUE	TRUE	other
Nvec_vc1.1_XM_032378779.2	A1	ARCH685_Barx2/Barx1_Dlx4/Dl...	56	0.533001727899211	0.553085999356257	Homeodomains	Homeodomains	FALSE	TRUE	TRUE	other
Nvec_vc1.1_XM_032378839.2	A1	ARCH494_Foxc2/Foxc1_Foxd2/F...	20	0.336502283006797	0.341180472209661	Forkhead	Forkhead	FALSE	FALSE	TRUE	none
Nvec_vc1.1_XM_032378881.2	A1	ARCH183_Atf3/Jdp2	53	0.2941400077072	0.134454224061469	bZIP	bZIP	FALSE	TRUE	TRUE	other
Nvec_vc1.1_XM_032378928.2	B1	ARCH24_Nr2c1/Nr2c2_Nr2f1/Nr...	44	0.274430970644542	0.0228724878056162	zf-C4_Nuclear_receptors	zf-C4_Nuclear_receptors	FALSE	TRUE	TRUE	other
Nvec_vc1.1_XM_032378941.2	A1	ARCH247_Yy1	8	0.227837318710734	0.132859198453063	zf-C2H2	zf-C2H2	FALSE	FALSE	TRUE	none
Nvec_vc1.1_XM_032379152.2	A1	ARCH523_Foxa3/Foxa1/Foxa2_F...	22	0.260826952551631	0.146300559832175	Forkhead	Forkhead	FALSE	FALSE	TRUE	none
Nvec_vc1.1_XM_032379347.2	B1	ARCH2_Arid2_Arid3c/Arid3a/A...	129	0.130290831025185	0.0509887709676089	Pax/Homeodomain	Pax/Homeodomain	FALSE	TRUE	TRUE	other
Nvec_vc1.1_XM_032379348.2	A1	ARCH766_Six1/_Six4/Six5	25	0.467439639188859	0.381672658997606	Homeodomains	Homeodomains	FALSE	FALSE	TRUE	none
Nvec_vc1.1_XM_032379394.2	A1	ARCH757_Dmbx1_Gsc2/Gsc//Obo...	247	0.244910597155534	0.44919489101501	Homeodomains	Homeodomains	FALSE	FALSE	TRUE	none
Nvec_vc1.1_XM_032379398.2	A1	ARCH766_Six1/_Six4/Six5	37	0.504996132298936	0.104076111350179	Homeodomains	Homeodomains	FALSE	FALSE	TRUE	none
Nvec_vc1.1_XM_032379400.2	A1	ARCH758_Dmbx1_Gsc2/Gsc//Obo...	1	0.418404558877014	0.504726668044968	Homeodomains	Homeodomains	FALSE	FALSE	TRUE	none
Nvec_vc1.1_XM_032379457.2	A1	ARCH1265_POU3F1	202	0.177679386343032	0.100566829894065	Pou/Homeodomain	Pou/Homeodomain	FALSE	FALSE	TRUE	none
Nvec_vc1.1_XM_032379465.2	A1	ARCH626_Mael_Tox3/Tox/Tox2/...	19	0.436873813771298	0.389223207976031	HMGbox_Sox	HMGbox_Sox	FALSE	FALSE	TRUE	none
Nvec_vc1.1_XM_032379498.2	B1	ARCH257_M04483_2.00__M04484...	29	0.203150842050812	0.0219998455861529	zf-C2H2	zf-C2H2	FALSE	FALSE	TRUE	none
Nvec_vc1.1_XM_032379677.2	A1	ARCH305_Zfp760/Zfp770	18	0.222527473027392	0.37962564811138	zf-C2H2	zf-C2H2	FALSE	FALSE	TRUE	none
Nvec_vc1.1_XM_032379688.2	A1	ARCH766_Six1/_Six4/Six5	11	0.671827333632792	0.30493931453834	Homeodomains	Homeodomains	FALSE	FALSE	TRUE	none
Nvec_vc1.1_XM_032379723.2	A1	ARCH766_Six1/_Six4/Six5	12	0.558039291278933	0.453631049739357	Homeodomains	Homeodomains	FALSE	FALSE	TRUE	none
Nvec_vc1.1_XM_032379774.2	A1	ARCH976_M03364_2.00__M03427...	8	0.571709907992444	0.135411360692777	zf-C4_Nuclear_receptors	zf-C4_Nuclear_receptors	FALSE	FALSE	TRUE	none
Nvec_vc1.1_XM_032379775.2	B1	ARCH792_BHLH112	124	0.127310456525643	0.0296231152602326	HLH	HLH	FALSE	TRUE	TRUE	other
Nvec_vc1.1_XM_032380001.2	C1	ARCH682_Emx1/Emx2_Hmx1/Hmx3...	1246	-0.0784986222952095	0.405489211832949	Homeodomains	Homeodomains	FALSE	FALSE	TRUE	none
Nvec_vc1.1_XM_032380131.2	A1	ARCH1119_/Lef1/Tcf7l1/Tcf7	23	0.112753254205835	0.109451290227213	HMGbox_Sox	HMGbox_Sox	FALSE	FALSE	TRUE	none
Nvec_vc1.1_XM_032380148.2	A1	ARCH1135_Tbx10/Tbx1_Tbx19/T	1	0.840033929048015	0.857540648173485	T-box	T-box	FALSE	TRUE	TRUE	other
Nvec_vc1.1_XM_032380190.2	A1	ARCH712_Barx2/Barx1_Dlx4/Dl...	1	0.205936520972615	0.292263690624693	Homeodomains	Homeodomains	FALSE	FALSE	TRUE	none
Nvec_vc1.1_XM_032380209.2	B1	ARCH54_Usf3	11	0.240546375710825	0.0550269886546139	HLH	HLH	FALSE	FALSE	TRUE	none
Nvec_vc1.1_XM_032380334.2	A1	ARCH1046_/Rfx5	1	0.430821037875605	0.356795213415161	RFX	RFX	FALSE	TRUE	TRUE	other
Nvec_vc1.1_XM_032380374.2	A1	ARCH745_/Lef1/Tcf7l1/Tcf7	15	0.333111644316573	0.331064372998749	HMGbox_Sox	HMGbox_Sox	FALSE	FALSE	TRUE	none
Nvec_vc1.1_XM_032380417.2	A1	ARCH219_Snai2	111	0.144979747105169	0.219529295894108	zf-C2H2	zf-C2H2	FALSE	FALSE	TRUE	none
Nvec_vc1.1_XM_032380573.2	B1	ARCH803_Smad4	31	0.260808617678461	-0.118274790997337	SMAD_MH1	SMAD_MH1	FALSE	FALSE	TRUE	none
Nvec_vc1.1_XM_032380735.2	A1	ARCH343_/E2f4_E2f6_E2f8/E2f7	457	0.292087000343856	0.177720906905457	E2F_TDP	E2F_TDP	FALSE	TRUE	TRUE	other
Nvec_vc1.1_XM_032380829.2	C1	ARCH982_Nr2c1/Nr2c2	617	-0.0888227619805597	0.251576020206889	zf-C4_Nuclear_receptors	zf-C4_Nuclear_receptors	TRUE	TRUE	TRUE	assigned
Nvec_vc1.1_XM_032380975.2	A1	ARCH426_Elf3/Ehf/Elf5_Erg/F...	134	0.512547082081556	0.475758555661645	Ets	Ets	FALSE	FALSE	TRUE	none
Nvec_vc1.1_XM_032381020.2	A1	ARCH396_M08281_2.00	154	0.28694422452428	0.121116326047464	zf-C2H2	zf-C2H2	FALSE	FALSE	TRUE	none
Nvec_vc1.1_XM_032381044.2	A1	ARCH24_Nr2c1/Nr2c2_Nr2f1/Nr...	218	0.138443767879136	0.172733519744185	zf-C4_Nuclear_receptors	zf-C4_Nuclear_receptors	FALSE	TRUE	TRUE	other
Nvec_vc1.1_XM_032381049.2	A1	ARCH133_M04019_2.00__bHLH34	56	0.18867465273084	0.23501559787479	HLH	HLH	FALSE	TRUE	TRUE	other
Nvec_vc1.1_XM_032381059.2	A1	ARCH839_Pax5/Pax8/Pax2	7	0.125310334788543	0.628714271849365	Homeodomains	Homeodomains	FALSE	FALSE	TRUE	none
Nvec_vc1.1_XM_032381099.2	A1	ARCH625_Alx3/Alx4/Alx1_Emx1...	58	0.539305888236676	0.105047780486935	Homeodomains	Homeodomains	FALSE	FALSE	TRUE	none
Nvec_vc1.1_XM_032381270.2	A1	ARCH219_Snai2	15	0.603997223311582	0.249007997964126	zf-C2H2	zf-C2H2	FALSE	TRUE	TRUE	other
Nvec_vc1.1_XM_032381562.2	A1	ARCH308_Gfi1b/Gfi1	24	0.16439121238527	0.282220845480561	zf-C2H2	zf-C2H2	FALSE	TRUE	TRUE	other
Nvec_vc1.1_XM_032381586.2	A1	ARCH308_Gfi1b/Gfi1	155	0.318178511921109	0.181426341101981	zf-C2H2	zf-C2H2	FALSE	TRUE	TRUE	other
Nvec_vc1.1_XM_032381587.2	B1	ARCH740_M07267_2.00	19	0.134297347241019	0.00248884315718877	HMGbox_Sox	HMGbox_Sox	FALSE	FALSE	TRUE	none
Nvec_vc1.1_XM_032381617.2	B1	ARCH1215_ELF1__DMRT3	85	0.18409374984279	-0.0328566525616565	Doublesex_DM	Doublesex_DM	FALSE	FALSE	TRUE	none
Nvec_vc1.1_XM_032381719.2	A1	ARCH308_Gfi1b/Gfi1	106	0.161692477480627	0.155472983238161	zf-C2H2	zf-C2H2	FALSE	FALSE	TRUE	none
Nvec_vc1.1_XM_032381869.2	A1	ARCH792_BHLH112	39	0.317043054332787	0.138482697613136	HLH	HLH	FALSE	FALSE	TRUE	none
Nvec_vc1.1_XM_032381908.2	A1	ARCH357_bHLH122	90	0.608893108959381	0.283337483445958	HLH	HLH	FALSE	FALSE	TRUE	none
Nvec_vc1.1_XM_032382002.2	B1	ARCH936_Nr2c1/Nr2c2_Nr2f1/N...	41	0.293107324890627	-0.244310061699854	zf-C2H2	zf-C2H2	FALSE	FALSE	TRUE	none
Nvec_vc1.1_XM_032382158.2	A1	ARCH45_Tfap4	5	0.414385383545847	0.560636711073775	HLH	HLH	FALSE	FALSE	TRUE	none
Nvec_vc1.1_XM_032382208.2	B1	ARCH197_Klf15	65	0.420267810362323	0.0325747076669005	zf-C2H2	zf-C2H2	FALSE	FALSE	TRUE	none
Nvec_vc1.1_XM_032382255.2	A1	ARCH236_M03668_2.00__M05861...	17	0.336017671301141	0.241425653627436	zf-C2H2	zf-C2H2	FALSE	FALSE	TRUE	none
Nvec_vc1.1_XM_032382395.2	A1	ARCH842_M06438_2.00	1	0.359723224395039	0.197212899167158	Homeodomains	Homeodomains	FALSE	FALSE	TRUE	none
Nvec_vc1.1_XM_032382402.2	A1	ARCH236_M03668_2.00__M05861...	5	0.496737601180619	0.213073441955081	zf-C2H2	zf-C2H2	FALSE	FALSE	TRUE	none
Nvec_vc1.1_XM_032382466.2	A1	ARCH125_Atf4/Atf5	1	0.373080791654557	0.148476147317674	bZIP	bZIP	FALSE	FALSE	TRUE	none
Nvec_vc1.1_XM_032382493.2	A1	ARCH1146_Atf4/Atf5	44	0.187321178588601	0.217765379970688	bZIP	bZIP	FALSE	FALSE	TRUE	none
Nvec_vc1.1_XM_032382520.2	B1	ARCH1274_PRDM14	249	0.10939561502881	0.0772766926432672	Doublesex_DM	Doublesex_DM	FALSE	TRUE	TRUE	other
Nvec_vc1.1_XM_032382579.2	A1	ARCH236_M03668_2.00__M05861...	1	0.509731843699668	0.271118436349366	zf-C2H2	zf-C2H2	FALSE	FALSE	TRUE	none
Nvec_vc1.1_XM_032382712.2	D1	ARCH1046_/Rfx5	438	-0.0243915507348431	-0.00588907467681725	RFX	RFX	TRUE	TRUE	TRUE	assigned
Nvec_vc1.1_XM_032382719.2	C2	ARCH850_NFIL3	498	-0.0127574130982878	0.255218783128855	""	P53	FALSE	FALSE	TRUE	none
Nvec_vc1.1_XM_032383547.2	B1	ARCH215_Yy1	5	0.17286702250369	0.0732394644980555	zf-C2H2	zf-C2H2	FALSE	FALSE	TRUE	none
Nvec_vc1.1_XM_032383560.2	A1	ARCH647_Alx3/Alx4/Alx1_Barx...	1	0.464793525667933	0.344108477445438	Homeodomains	Homeodomains	FALSE	FALSE	TRUE	none
Nvec_vc1.1_XM_032383641.2	C1	ARCH24_Nr2c1/Nr2c2_Nr2f1/Nr...	207	0.0809244104424415	0.153906831798261	zf-C4_Nuclear_receptors	zf-C4_Nuclear_receptors	FALSE	TRUE	TRUE	other
Nvec_vc1.1_XM_032383663.2	B1	ARCH253_Nkx2-2/Nkx2-9	66	0.154651879090747	0.0558532023308004	Homeodomains	Homeodomains	FALSE	FALSE	TRUE	none
Nvec_vc1.1_XM_032383677.2	A1	ARCH766_Six1/_Six4/Six5	2	0.6875571788475	0.329682271659334	Homeodomains	Homeodomains	FALSE	TRUE	TRUE	other
Nvec_vc1.1_XM_032383681.2	A1	ARCH719_M03783_2.00	219	0.14069859976143	0.206868867531924	Homeodomains	Homeodomains	FALSE	FALSE	TRUE	none
Nvec_vc1.1_XM_032383693.2	A1	ARCH741_Meis3/Meis2/Meis1_P...	31	0.495168323831555	0.293158126214707	Homeodomains	Homeodomains	FALSE	TRUE	TRUE	other
Nvec_vc1.1_XM_032383695.2	A1	ARCH738_Hoxa1/Hoxb1/Hoxd1	59	0.122314517961304	0.112062061976098	Homeodomains	Homeodomains	FALSE	FALSE	TRUE	none
Nvec_vc1.1_XM_032383717.2	A1	ARCH122_Atf7/Gm28047/Creb5/...	24	0.289075014884872	0.152714292591996	bZIP	bZIP	FALSE	FALSE	TRUE	none
Nvec_vc1.1_XM_032383905.2	C1	ARCH96_Ptf1a__NHLH2__BHLHE2...	625	-0.092980105129881	0.193301320761196	HLH	HLH	FALSE	FALSE	TRUE	none
Nvec_vc1.1_XM_032383907.2	A1	ARCH122_Atf7/Gm28047/Creb5/...	36	0.306567386786181	0.129309512141273	bZIP	bZIP	FALSE	FALSE	TRUE	none
Nvec_vc1.1_XM_032383925.2	A1	ARCH100_Meis3/Meis2/Meis1_P...	3	0.635320115007317	0.322689951373902	Homeodomains	Homeodomains	FALSE	FALSE	TRUE	none
Nvec_vc1.1_XM_032383948.2	B1	ARCH758_Dmbx1_Gsc2/Gsc//Obo...	1	0.589063990550979	-0.048878415191693	Homeodomains	Homeodomains	FALSE	FALSE	TRUE	none
Nvec_vc1.1_XM_032383979.2	A1	ARCH324_p53	202	0.585087512303125	0.275668930302035	P53	P53	FALSE	FALSE	TRUE	none
Nvec_vc1.1_XM_032384063.2	A1	ARCH96_Ptf1a__NHLH2__BHLHE2...	136	0.12866316262915	0.106446323326307	HLH	HLH	FALSE	FALSE	TRUE	none
Nvec_vc1.1_XM_032384091.2	C1	ARCH1215_ELF1__DMRT3	126	0.0656173345094072	0.138464344801827	Doublesex_DM	Doublesex_DM	FALSE	FALSE	TRUE	none
Nvec_vc1.1_XM_032384126.2	A1	ARCH507_Foxc2/Foxc1_Foxg1/G...	22	0.404125594289739	0.121547579793617	Forkhead	Forkhead	FALSE	FALSE	TRUE	none
Nvec_vc1.1_XM_032384134.2	A1	ARCH239_Scrt2/Scrt1	1	0.302678146649462	0.408182585771548	zf-C2H2	zf-C2H2	FALSE	FALSE	TRUE	none
Nvec_vc1.1_XM_032384172.2	A1	ARCH308_Gfi1b/Gfi1	104	0.114198462939554	0.437718218427037	zf-C2H2	zf-C2H2	FALSE	FALSE	TRUE	none
Nvec_vc1.1_XM_032384221.2	B1	ARCH1214_ETV1__Ets1-distal_...	86	0.135551956531318	-0.0272305157691941	Ets	Ets	FALSE	TRUE	TRUE	other
Nvec_vc1.1_XM_032384228.2	A1	ARCH1093_/Sox4/Sox11_Sox13/...	6	0.423604943959796	0.271435068086542	HMGbox_Sox	HMGbox_Sox	FALSE	FALSE	TRUE	none
Nvec_vc1.1_XM_032384300.2	B1	ARCH183_Atf3/Jdp2	134	0.193223505701936	0.0919613793043808	bZIP	bZIP	FALSE	FALSE	TRUE	none
Nvec_vc1.1_XM_032384420.2	A1	ARCH210_Klf11	4	0.233514511172511	0.447087925076649	zf-C2H2	zf-C2H2	FALSE	TRUE	TRUE	other
Nvec_vc1.1_XM_032384433.2	A1	ARCH83_Twist2/Twist1	1	0.626309778982206	0.2267632162825	HLH	HLH	TRUE	TRUE	TRUE	assigned
Nvec_vc1.1_XM_032384447.2	A1	ARCH215_Yy1	20	0.310382351804598	0.231847283823976	zf-C2H2	zf-C2H2	FALSE	TRUE	TRUE	other
Nvec_vc1.1_XM_032384450.2	A1	ARCH308_Gfi1b/Gfi1	40	0.326186334771859	0.170477100381217	zf-C2H2	zf-C2H2	FALSE	TRUE	TRUE	other
Nvec_vc1.1_XM_032384474.2	A1	ARCH83_Twist2/Twist1	1	0.606095407076323	0.565907387703331	HLH	HLH	FALSE	FALSE	TRUE	none
Nvec_vc1.1_XM_032384492.2	A1	ARCH65_Twist2/Twist1	31	0.292218629036813	0.250064299568645	HLH	HLH	TRUE	TRUE	TRUE	assigned
Nvec_vc1.1_XM_032384768.2	B1	ARCH215_Yy1	6	0.379615806097858	0.0282050703114533	zf-C2H2	zf-C2H2	FALSE	FALSE	TRUE	none
Nvec_vc1.1_XM_032384889.2	A1	ARCH792_BHLH112	177	0.282555500796801	0.248811185057095	HLH	HLH	FALSE	FALSE	TRUE	none
Nvec_vc1.1_XM_032384912.2	A1	ARCH213_Klf5_Klf7_Klf8	20	0.172260683761664	0.244508140436033	zf-C2H2	zf-C2H2	FALSE	FALSE	TRUE	none
Nvec_vc1.1_XM_032384949.2	A1	ARCH659_Emx1/Emx2_Hmx1/Hmx3...	1	0.464223881684803	0.25580625098055	Homeodomains	Homeodomains	FALSE	FALSE	TRUE	none
Nvec_vc1.1_XM_032384965.2	A1	ARCH766_Six1/_Six4/Six5	22	0.63772961085681	0.351450993530264	Homeodomains	Homeodomains	FALSE	FALSE	TRUE	none
Nvec_vc1.1_XM_032385045.2	A1	ARCH817_Irx6	11	0.266058987613788	0.176244124973962	Homeodomains	Homeodomains	FALSE	FALSE	TRUE	none
Nvec_vc1.1_XM_032385089.2	A1	ARCH416_Elf3/Ehf/Elf5_Erg/F...	54	0.373356287334684	0.101301151958891	Ets	Ets	FALSE	FALSE	TRUE	none
Nvec_vc1.1_XM_032385169.2	A1	ARCH556_M03948_2.00	30	0.242194429512046	0.252682308647308	Homeodomains	Homeodomains	FALSE	FALSE	TRUE	none
Nvec_vc1.1_XM_032385184.2	A1	ARCH357_bHLH122	164	0.361115838126631	0.271842792385645	HLH	HLH	FALSE	FALSE	TRUE	none
Nvec_vc1.1_XM_032385185.2	A1	ARCH89_PL0012.1_hlh-2::hlh-8	26	0.434409045482572	0.576224983182685	HLH	HLH	FALSE	FALSE	TRUE	none
Nvec_vc1.1_XM_032385373.2	B1	ARCH235_Klf5_Klf8	36	0.100164951903292	0.0738394919063753	zf-C2H2	zf-C2H2	FALSE	FALSE	TRUE	none
Nvec_vc1.1_XM_032385411.2	A1	ARCH528_/Lef1/Tcf7l1/Tcf7	245	0.420908719466239	0.497793759788658	HMGbox_Sox	HMGbox_Sox	FALSE	FALSE	TRUE	none
Nvec_vc1.1_XM_032385496.2	A1	ARCH93_Ptf1a	2	0.5054201406188	0.302698009828796	HLH	HLH	TRUE	TRUE	TRUE	assigned
Nvec_vc1.1_XM_032385556.2	A2	ARCH298_UGA3	6	0.418778495212732	0.502161862221858	""	Pou/Homeodomain	FALSE	FALSE	TRUE	none
Nvec_vc1.1_XM_032385569.2	B1	ARCH54_Usf3	85	0.151418204275483	0.0361190037683676	HLH	HLH	FALSE	FALSE	TRUE	none
Nvec_vc1.1_XM_032385575.2	B2	ARCH549_Mef2d	1	0.643455235190244	0	""	E2F_TDP	FALSE	FALSE	TRUE	none
Nvec_vc1.1_XM_032385577.2	A1	ARCH839_Pax5/Pax8/Pax2	41	0.144695704374656	0.207402885777076	Homeodomains	Homeodomains	FALSE	FALSE	TRUE	none
Nvec_vc1.1_XM_032385647.2	A1	ARCH1015_Rfx1/Rfx3/Rfx2_Rfx6	1	0.433364760554542	0.457723130417376	RFX	RFX	TRUE	TRUE	TRUE	assigned
Nvec_vc1.1_XM_032385706.2	A1	ARCH494_Foxc2/Foxc1_Foxd2/F...	35	0.321034187071946	0.290354644619903	Forkhead	Forkhead	FALSE	FALSE	TRUE	none
Nvec_vc1.1_XM_032385715.2	A1	ARCH386_/E2f4_E2f6_E2f8/E2f7	283	0.311336487293041	0.242338266124349	E2F_TDP	E2F_TDP	FALSE	TRUE	TRUE	other
Nvec_vc1.1_XM_032385745.2	A1	ARCH213_Klf5_Klf7_Klf8	3	0.237208196700914	0.19052470864018	zf-C2H2	zf-C2H2	FALSE	FALSE	TRUE	none
Nvec_vc1.1_XM_032385746.2	C2	ARCH10_gsb	975	-0.0740699763252658	0.432284369390789	""	Myb	FALSE	FALSE	TRUE	none
Nvec_vc1.1_XM_032385896.2	A1	ARCH1146_Atf4/Atf5	120	0.140100459185335	0.575042342255158	bZIP	bZIP	FALSE	FALSE	TRUE	none
Nvec_vc1.1_XM_032385905.2	B1	ARCH247_Yy1	2	0.153729372327284	-0.189583678744776	zf-C2H2	zf-C2H2	FALSE	TRUE	TRUE	other
Nvec_vc1.1_XM_032385963.2	C1	ARCH308_Gfi1b/Gfi1	515	-0.0264025453268211	0.294868956564372	zf-C2H2	zf-C2H2	FALSE	TRUE	TRUE	other
Nvec_vc1.1_XM_032386243.2	C1	ARCH1057_Tcfcp2l1__TFCP2__G...	194	0.0636466041518455	0.130051447845771	Grainyhead_LSF	Grainyhead_LSF	FALSE	FALSE	TRUE	none
Nvec_vc1.1_XM_032386296.2	B1	ARCH1079_/Sox4/Sox11_Sox13/...	8	0.308509221928521	-0.362844545418242	HMGbox_Sox	HMGbox_Sox	FALSE	FALSE	TRUE	none
Nvec_vc1.1_XM_032386356.2	A1	ARCH885_Usf3	171	0.109330403942991	0.179283899617752	HLH	HLH	FALSE	FALSE	TRUE	none
Nvec_vc1.1_XM_032386357.2	A1	ARCH1202_Srebf2/Srebf1	120	0.100841089886761	0.318898469551397	HLH	HLH	TRUE	TRUE	TRUE	assigned
Nvec_vc1.1_XM_032386464.2	A1	ARCH834_bHLH157	208	0.297194165588843	0.117330180794529	HLH	HLH	FALSE	FALSE	TRUE	none
Nvec_vc1.1_XM_032386947.2	A1	ARCH492_/Sox4/Sox11_Foxd2/F...	47	0.438338812138883	0.416375123660903	Forkhead	Forkhead	FALSE	FALSE	TRUE	none
Nvec_vc1.1_XM_032386968.2	A1	ARCH215_Yy1	1	0.272460203519777	0.209855326089559	zf-C2H2	zf-C2H2	FALSE	FALSE	TRUE	none
Nvec_vc1.1_XM_032386992.2	A1	ARCH641_Alx3/Alx4/Alx1_Barx...	36	0.200083017285708	0.190828269096249	Homeodomains	Homeodomains	FALSE	FALSE	TRUE	none
Nvec_vc1.1_XM_032387080.2	A1	ARCH236_M03668_2.00__M05861...	52	0.298765417336252	0.175161892135656	zf-C2H2	zf-C2H2	FALSE	FALSE	TRUE	none
Nvec_vc1.1_XM_032387167.2	B1	ARCH547_Foxa3/Foxa1/Foxa2_F...	70	0.277023191672468	-0.00822824034217388	Forkhead	Forkhead	FALSE	FALSE	TRUE	none
Nvec_vc1.1_XM_032387186.2	A1	ARCH936_Nr2c1/Nr2c2_Nr2f1/N...	219	0.466255888362285	0.101850057995946	zf-C2H2	zf-C2H2	FALSE	TRUE	TRUE	other
Nvec_vc1.1_XM_032387218.2	B1	ARCH305_Zfp760/Zfp770	76	0.146547879892941	-0.199404710611693	zf-C2H2	zf-C2H2	FALSE	FALSE	TRUE	none
Nvec_vc1.1_XM_032387281.2	B1	ARCH213_Klf5_Klf7_Klf8	5	0.313979321790997	-0.0624932980822215	zf-C2H2	zf-C2H2	FALSE	FALSE	TRUE	none
Nvec_vc1.1_XM_032387283.2	A1	ARCH257_M04483_2.00__M04484...	41	0.286034217407891	0.221707711741128	zf-C2H2	zf-C2H2	FALSE	FALSE	TRUE	none
Nvec_vc1.1_XM_032387312.2	B1	ARCH685_Barx2/Barx1_Dlx4/Dl...	57	0.538187267292741	0	Homeodomains	Homeodomains	FALSE	FALSE	TRUE	none
Nvec_vc1.1_XM_032387318.2	A1	ARCH93_Ptf1a	67	0.250269494970977	0.131742603526532	HLH	HLH	FALSE	FALSE	TRUE	none
Nvec_vc1.1_XM_032387414.2	B1	ARCH685_Barx2/Barx1_Dlx4/Dl...	55	0.552126089214216	0	Homeodomains	Homeodomains	FALSE	FALSE	TRUE	none
Nvec_vc1.1_XM_048719424.1	B1	ARCH321_Egr3/Egr1	1	0.202473005823348	-0.00796680107502625	zf-C2H2	zf-C2H2	FALSE	FALSE	TRUE	none
Nvec_vc1.1_XM_048719441.1	B1	ARCH1167_M08277_2.00__M0885...	6	0.266288968998906	0.0345585762642829	zf-C2H2	zf-C2H2	FALSE	FALSE	TRUE	none
Nvec_vc1.1_XM_048719714.1	B1	ARCH196_/E2f4_E2f6_Sp6/Sp5_...	122	0.12986737582217	-0.0963212742276238	zf-C2H2	zf-C2H2	FALSE	FALSE	TRUE	none
Nvec_vc1.1_XM_048720215.1	B1	ARCH936_Nr2c1/Nr2c2_Nr2f1/N...	220	0.236911167523032	0.0676594404232121	zf-C2H2	zf-C2H2	FALSE	FALSE	TRUE	none
Nvec_vc1.1_XM_048720219.1	B1	ARCH150_M09942_2.00	17	0.295498374368469	0.0242910806308968	zf-C2H2	zf-C2H2	FALSE	FALSE	TRUE	none
Nvec_vc1.1_XM_048720635.1	B1	ARCH248_M08020_2.00	188	0.161004170317735	0.0383332697190133	THAP_finger	THAP_finger	FALSE	FALSE	TRUE	none
Nvec_vc1.1_XM_048720727.1	A1	ARCH1284_IRF2__T1ISRE	12	0.231686934650674	0.274412428976244	IRF	IRF	FALSE	FALSE	TRUE	none
Nvec_vc1.1_XM_048721183.1	B1	ARCH47_Ptf1a	71	0.191572059953879	0.074776956941223	HLH	HLH	FALSE	TRUE	TRUE	other
Nvec_vc1.1_XM_048721315.1	B1	ARCH70_Twist2/Twist1	232	0.102652575768964	-0.108570608424534	HLH	HLH	FALSE	FALSE	TRUE	none
Nvec_vc1.1_XM_048721411.1	A1	ARCH308_Gfi1b/Gfi1	40	0.371088084495112	0.340348560982491	zf-C2H2	zf-C2H2	FALSE	FALSE	TRUE	none
Nvec_vc1.1_XM_048721414.1	A1	ARCH239_Scrt2/Scrt1	1	0.591019513442205	0.491751713088907	zf-C2H2	zf-C2H2	FALSE	FALSE	TRUE	none
Nvec_vc1.1_XM_048721452.1	C1	ARCH528_/Lef1/Tcf7l1/Tcf7	709	-0.0175873420175218	0.253511678601431	HMGbox_Sox	HMGbox_Sox	FALSE	FALSE	TRUE	none
Nvec_vc1.1_XM_048721581.1	A1	ARCH236_M03668_2.00__M05861...	2	0.536532170202526	0.406420396974976	zf-C2H2	zf-C2H2	FALSE	FALSE	TRUE	none
Nvec_vc1.1_XM_048721905.1	B1	ARCH396_M08281_2.00	104	0.240160172307989	-0.122954519217166	zf-C2H2	zf-C2H2	FALSE	TRUE	TRUE	other
Nvec_vc1.1_XM_048721909.1	A1	ARCH308_Gfi1b/Gfi1	103	0.154541096484	0.324154495039335	zf-C2H2	zf-C2H2	FALSE	FALSE	TRUE	none
Nvec_vc1.1_XM_048722339.1	A1	ARCH95_bHLH80__ZSCAN4	80	0.220213020785747	0.244257879861544	HLH	HLH	FALSE	FALSE	TRUE	none
Nvec_vc1.1_XM_048722428.1	A1	ARCH343_/E2f4_E2f6_E2f8/E2f7	173	0.185521083605693	0.268904516477433	E2F_TDP	E2F_TDP	FALSE	FALSE	TRUE	none
Nvec_vc1.1_XM_048722445.1	C2	ARCH550_RLM1__MEF2B	704	-0.0677362542998216	0.358004516793345	""	SAND	FALSE	FALSE	TRUE	none
Nvec_vc1.1_XM_048722500.1	A1	ARCH772_TEAD3__TEAD1	19	0.390581678508488	0.301748113063242	TEA	TEA	FALSE	FALSE	TRUE	none
Nvec_vc1.1_XM_048722594.1	C1	ARCH17_Arid5b/Arid5a	179	0.0690010974856112	0.421667428100347	ARID_BRIGHT	ARID_BRIGHT	FALSE	FALSE	TRUE	none
Nvec_vc1.1_XM_048722680.1	C1	ARCH245_Yy1	125	0.0382025353019873	0.327256967689099	zf-C2H2	zf-C2H2	FALSE	FALSE	TRUE	none
Nvec_vc1.1_XM_048722688.1	B1	ARCH583_0610010K14Rik	106	0.357152860872149	0	Myb	Myb	FALSE	FALSE	TRUE	none
Nvec_vc1.1_XM_048722751.1	C1	ARCH236_M03668_2.00__M05861...	1128	-0.0652352642565925	0.23229331657903	zf-C2H2	zf-C2H2	FALSE	FALSE	TRUE	none
Nvec_vc1.1_XM_048722754.1	B1	ARCH277_Yy1	1	0.335255633485927	0.0677264306766382	zf-C2H2	zf-C2H2	FALSE	FALSE	TRUE	none
Nvec_vc1.1_XM_048722777.1	B1	ARCH215_Yy1	1	0.265347592506591	-0.019950732085872	zf-C2H2	zf-C2H2	FALSE	FALSE	TRUE	none
Nvec_vc1.1_XM_048722810.1	B1	ARCH384_Msantd2_Rcor1/Rcor2...	65	0.125333799689816	0.0803679269395722	Myb	Myb	FALSE	FALSE	TRUE	none
Nvec_vc1.1_XM_048723038.1	B1	ARCH194_Egr3/Egr1_Sp6/Sp5_S...	22	0.103205038971087	-0.0716674062670743	zf-C2H2	zf-C2H2	FALSE	FALSE	TRUE	none
Nvec_vc1.1_XM_048723046.1	A1	ARCH72_Creb3l2/Creb3l1	167	0.315878790466666	0.406711756166682	bZIP	bZIP	TRUE	TRUE	TRUE	assigned
Nvec_vc1.1_XM_048723108.1	B1	ARCH215_Yy1	63	0.11931251942668	-0.187823804958583	zf-C2H2	zf-C2H2	FALSE	FALSE	TRUE	none
Nvec_vc1.1_XM_048723109.1	A1	ARCH245_Yy1	1	0.255585471712375	0.174662373290766	zf-C2H2	zf-C2H2	FALSE	FALSE	TRUE	none
Nvec_vc1.1_XM_048723111.1	B1	ARCH236_M03668_2.00__M05861...	1	0.244645952633691	0.00992358032474598	zf-C2H2	zf-C2H2	FALSE	FALSE	TRUE	none
Nvec_vc1.1_XM_048723265.1	B1	ARCH684_Alx3/Alx4/Alx1_Barx...	58	0.529787216367493	0	Homeodomains	Homeodomains	FALSE	TRUE	TRUE	other
Nvec_vc1.1_XM_048723292.1	A1	ARCH24_Nr2c1/Nr2c2_Nr2f1/Nr...	128	0.264676332507235	0.268393578778501	zf-C4_Nuclear_receptors	zf-C4_Nuclear_receptors	FALSE	TRUE	TRUE	other
Nvec_vc1.1_XM_048723364.1	B1	ARCH119_Fos/Fosb/Fosl1/Fosl2	32	0.100151554634305	-0.0427009047769482	bZIP	bZIP	FALSE	FALSE	TRUE	none
Nvec_vc1.1_XM_048723770.1	A1	ARCH626_Mael_Tox3/Tox/Tox2/...	56	0.167935162370761	0.192275039701643	HMGbox_Sox	HMGbox_Sox	FALSE	FALSE	TRUE	none
Nvec_vc1.1_XM_048723945.1	A1	ARCH547_Foxa3/Foxa1/Foxa2_F...	2	0.425496165885461	0.539438897900919	Forkhead	Forkhead	FALSE	FALSE	TRUE	none
Nvec_vc1.1_XM_048724012.1	A1	ARCH936_Nr2c1/Nr2c2_Nr2f1/N...	149	0.659492832508659	0.705745591077903	zf-C2H2	zf-C2H2	FALSE	FALSE	TRUE	none
Nvec_vc1.1_XM_048724319.1	A1	ARCH507_Foxc2/Foxc1_Foxg1/G...	157	0.155123070811981	0.111995557781646	Forkhead	Forkhead	FALSE	FALSE	TRUE	none
Nvec_vc1.1_XM_048724372.1	A1	ARCH89_PL0012.1_hlh-2::hlh-8	332	0.118926133894428	0.58768236109121	HLH	HLH	FALSE	FALSE	TRUE	none
Nvec_vc1.1_XM_048724387.1	B1	ARCH792_BHLH112	31	0.253225274526949	-0.114011889396584	HLH	HLH	FALSE	TRUE	TRUE	other
Nvec_vc1.1_XM_048724605.1	A1	ARCH1192_M06394_2.00	95	0.111594582814161	0.309480259649941	Myb	Myb	FALSE	FALSE	TRUE	none
Nvec_vc1.1_XM_048724756.1	A1	ARCH685_Barx2/Barx1_Dlx4/Dl...	66	0.438470174428591	0.554768165882602	Homeodomains	Homeodomains	FALSE	TRUE	TRUE	other
Nvec_vc1.1_XM_048724796.1	A1	ARCH792_BHLH112	67	0.264957742644892	0.206018242807956	HLH	HLH	FALSE	FALSE	TRUE	none
Nvec_vc1.1_XM_048724802.1	B1	ARCH839_Pax5/Pax8/Pax2	1	0.517186488738758	0	Homeodomains	Homeodomains	FALSE	FALSE	TRUE	none
Nvec_vc1.1_XM_048724840.1	A1	ARCH757_Dmbx1_Gsc2/Gsc//Obo...	1	0.46462117863864	0.261530577985419	Homeodomains	Homeodomains	FALSE	FALSE	TRUE	none
Nvec_vc1.1_XM_048725325.1	A1	ARCH305_Zfp760/Zfp770	13	0.16247118311904	0.397153866722403	zf-C2H2	zf-C2H2	FALSE	FALSE	TRUE	none
Nvec_vc1.1_XM_048725461.1	A1	ARCH308_Gfi1b/Gfi1	9	0.188025569092606	0.119439978318004	zf-C2H2	zf-C2H2	FALSE	FALSE	TRUE	none
Nvec_vc1.1_XM_048725593.1	C1	ARCH1192_M06394_2.00	472	-0.0444554374314884	0.105669088119111	Myb	Myb	FALSE	TRUE	TRUE	other
Nvec_vc1.1_XM_048725617.1	B1	ARCH1119_/Lef1/Tcf7l1/Tcf7	38	0.161304318478503	-0.144233291424046	HMGbox_Sox	HMGbox_Sox	FALSE	FALSE	TRUE	none
Nvec_vc1.1_XM_048725701.1	B1	ARCH685_Barx2/Barx1_Dlx4/Dl...	54	0.558226922347125	0	Homeodomains	Homeodomains	FALSE	FALSE	TRUE	none
Nvec_vc1.1_XM_048725765.1	A1	ARCH712_Barx2/Barx1_Dlx4/Dl...	3	0.322708499470341	0.241696534810457	Homeodomains	Homeodomains	FALSE	FALSE	TRUE	none
Nvec_vc1.1_XM_048725947.1	B1	ARCH583_0610010K14Rik	15	0.134339209348604	0	Myb	Myb	FALSE	FALSE	TRUE	none
Nvec_vc1.1_XM_048726087.1	A1	ARCH384_Msantd2_Rcor1/Rcor2...	9	0.245109314400702	0.210274165185649	Myb	Myb	FALSE	FALSE	TRUE	none
Nvec_vc1.1_XM_048726174.1	A1	ARCH219_Snai2	14	0.565724894933065	0.526061880792996	zf-C2H2	zf-C2H2	FALSE	FALSE	TRUE	none
Nvec_vc1.1_XM_048726224.1	C2	ARCH10_gsb	794	-0.0574003008128206	0.356110016960133	""	Myb	FALSE	FALSE	TRUE	none
Nvec_vc1.1_XM_048726734.1	A1	ARCH936_Nr2c1/Nr2c2_Nr2f1/N...	537	0.111948402790937	0.189695288873532	zf-C2H2	zf-C2H2	FALSE	FALSE	TRUE	none
Nvec_vc1.1_XM_048726835.1	B1	ARCH1076_/Sox4/Sox11_Sox13/...	11	0.735171909758168	0	HMGbox_Sox	HMGbox_Sox	FALSE	FALSE	TRUE	none
Nvec_vc1.1_XM_048726881.1	C1	ARCH245_Yy1	390	0.0207612164526649	0.280922628502344	zf-C2H2	zf-C2H2	FALSE	TRUE	TRUE	other
Nvec_vc1.1_XM_048726885.1	B1	ARCH1167_M08277_2.00__M0885...	1	0.145553848626734	0.0165540147568637	zf-C2H2	zf-C2H2	FALSE	FALSE	TRUE	none
Nvec_vc1.1_XM_048727075.1	B1	ARCH334_Nfya_Pbx4/Pbx2/Pbx1	9	0.174513257426754	-0.0136009380609141	Homeodomains	Homeodomains	FALSE	FALSE	TRUE	none
Nvec_vc1.1_XM_048727123.1	C1	ARCH1061_Msantd4/Mypop_Terf2ip	685	-0.109905012579077	0.414811880606546	Myb	Myb	FALSE	FALSE	TRUE	none
Nvec_vc1.1_XM_048727305.1	B1	ARCH802_M11208_2.00	52	0.562760334377098	0	Pax	Pax	FALSE	FALSE	TRUE	none
Nvec_vc1.1_XM_048727456.1	C1	ARCH932_Nr2c1/Nr2c2_Nr2f1/N...	470	-0.0251228176113211	0.138271276924282	zf-C4_Nuclear_receptors	zf-C4_Nuclear_receptors	FALSE	TRUE	TRUE	other
Nvec_vc1.1_XM_048727543.1	B1	ARCH344_Pax5/Pax8/Pax2	28	0.298909630544063	-0.0530884759945987	Pax/Homeodomain	Pax/Homeodomain	FALSE	FALSE	TRUE	none
Nvec_vc1.1_XM_048727600.1	A1	ARCH1061_Msantd4/Mypop_Terf2ip	16	0.153386750995689	0.231900440134701	Myb	Myb	FALSE	FALSE	TRUE	none
Nvec_vc1.1_XM_048727677.1	B1	ARCH1169_M03912_2.00	192	0.303004303066634	0	Myb	Myb	FALSE	FALSE	TRUE	none
Nvec_vc1.1_XM_048727718.1	B1	ARCH685_Barx2/Barx1_Dlx4/Dl...	55	0.548590910144312	0	Homeodomains	Homeodomains	FALSE	FALSE	TRUE	none
Nvec_vc1.1_XM_048727956.1	B1	ARCH684_Alx3/Alx4/Alx1_Barx...	55	0.547876206871135	0	Homeodomains	Homeodomains	FALSE	FALSE	TRUE	none
Nvec_vc1.1_XM_048728028.1	A1	ARCH485_Foxd2/Foxd4/Foxd3/F...	2	0.472678168603986	0.114634111654408	Forkhead	Forkhead	FALSE	FALSE	TRUE	none
Nvec_vc1.1_XM_048728051.1	A1	ARCH553_Foxc2/Foxc1_Foxd2/F...	632	0.10796767847031	0.398373595719577	Forkhead	Forkhead	FALSE	FALSE	TRUE	none
Nvec_vc1.1_XM_048728399.1	C1	ARCH122_Atf7/Gm28047/Creb5/...	181	0.0631751085159979	0.153024723336562	bZIP	bZIP	FALSE	TRUE	TRUE	other
Nvec_vc1.1_XM_048728521.1	B1	ARCH685_Barx2/Barx1_Dlx4/Dl...	55	0.550234166613878	0	Homeodomains	Homeodomains	FALSE	FALSE	TRUE	none
Nvec_vc1.1_XM_048728853.1	A1	ARCH633_Alx3/Alx4/Alx1_Barx...	9	0.284357269438102	0.493679914291129	Homeodomains	Homeodomains	FALSE	FALSE	TRUE	none
Nvec_vc1.1_XM_048728967.1	A1	ARCH98_Ptf1a	14	0.441949325692485	0.307887119289895	HLH	HLH	FALSE	FALSE	TRUE	none
Nvec_vc1.1_XM_048728976.1	A1	ARCH236_M03668_2.00__M05861...	2	0.754164525140457	0.284425296018565	zf-C2H2	zf-C2H2	FALSE	TRUE	TRUE	other
Nvec_vc1.1_XM_048729186.1	A1	ARCH406_Elf3/Ehf/Elf5_Erg/F...	4	0.460793672468039	0.158046436511306	Ets	Ets	FALSE	TRUE	TRUE	other
Nvec_vc1.1_XM_048729481.1	A1	ARCH236_M03668_2.00__M05861...	4	0.803480041298916	0.284856365526134	zf-C2H2	zf-C2H2	FALSE	TRUE	TRUE	other
Nvec_vc1.1_XM_048729483.1	A1	ARCH236_M03668_2.00__M05861...	4	0.741480038100443	0.615082320310527	zf-C2H2	zf-C2H2	FALSE	FALSE	TRUE	none
Nvec_vc1.1_XM_048729604.1	B1	ARCH685_Barx2/Barx1_Dlx4/Dl...	55	0.552893645902036	0	Homeodomains	Homeodomains	FALSE	FALSE	TRUE	none
Nvec_vc1.1_XM_048729727.1	C1	ARCH329_THAP1	100	0.0646436011150294	0.251106772588633	THAP_finger	THAP_finger	FALSE	FALSE	TRUE	none
Nvec_vc1.1_XM_048729815.1	A1	ARCH215_Yy1	2	0.234494036663067	0.317047527487246	zf-C2H2	zf-C2H2	TRUE	TRUE	TRUE	assigned
Nvec_vc1.1_XM_048730021.1	A1	ARCH241_Yy1	2	0.220428868972985	0.285157650369367	zf-C2H2	zf-C2H2	FALSE	FALSE	TRUE	none
Nvec_vc1.1_XM_048730025.1	B1	ARCH329_THAP1	59	0.215565435119074	0.0495795572782173	THAP_finger	THAP_finger	FALSE	FALSE	TRUE	none
Nvec_vc1.1_XM_048730161.1	A1	ARCH1146_Atf4/Atf5	28	0.274677756455943	0.230055298811646	bZIP	bZIP	FALSE	FALSE	TRUE	none
Nvec_vc1.1_XM_048730169.1	C1	ARCH1192_M06394_2.00	696	-0.060661226969144	0.285931014841476	Myb	Myb	FALSE	FALSE	TRUE	none
Nvec_vc1.1_XM_048730283.1	A1	ARCH132_Creb3l2/Creb3l1	9	0.416215128044772	0.415619562414817	bZIP	bZIP	FALSE	TRUE	TRUE	other
Nvec_vc1.1_XM_048730757.1	B1	ARCH930_Nr2c1/Nr2c2_Nr2f1/N...	22	0.134988921813664	-0.125841380664484	zf-C4_Nuclear_receptors	zf-C4_Nuclear_receptors	FALSE	FALSE	TRUE	none
Nvec_vc1.1_XM_048731064.1	A1	ARCH239_Scrt2/Scrt1	8	0.355410410709921	0.425900512949477	zf-C2H2	zf-C2H2	FALSE	FALSE	TRUE	none
Nvec_vc1.1_XM_048731081.1	B1	ARCH1169_M03912_2.00	193	0.30791633381145	-0.309964856922116	Myb	Myb	FALSE	FALSE	TRUE	none
Nvec_vc1.1_XM_048731137.1	A1	ARCH691_AW822073//Duxf3/Dux...	31	0.484403481712604	0.146212792410742	Homeodomains	Homeodomains	FALSE	FALSE	TRUE	none
Nvec_vc1.1_XM_048731196.1	B1	ARCH740_M07267_2.00	45	0.179197577260367	-0.144297687926186	HMGbox_Sox	HMGbox_Sox	FALSE	FALSE	TRUE	none
Nvec_vc1.1_XM_048731339.1	A1	ARCH398_TFAP2E	2	0.672102370914582	0.254249101770114	AP2	AP2	FALSE	FALSE	TRUE	none
Nvec_vc1.1_XM_048731616.1	A1	ARCH1132_M08316_2.00__M0890...	27	0.639373094477859	0.649439067427864	zf-C2H2	zf-C2H2	FALSE	FALSE	TRUE	none
Nvec_vc1.1_XM_048731647.1	A1	ARCH308_Gfi1b/Gfi1	35	0.400716174547063	0.173978831566862	zf-C2H2	zf-C2H2	FALSE	FALSE	TRUE	none
Nvec_vc1.1_XM_048731755.1	A1	ARCH52_M03945_2.00__sv	1	0.477208455307491	0.193710817791494	Homeodomains	Homeodomains	FALSE	FALSE	TRUE	none
Nvec_vc1.1_XM_048731858.1	B1	ARCH685_Barx2/Barx1_Dlx4/Dl...	56	0.546569930674358	0	Homeodomains	Homeodomains	FALSE	FALSE	TRUE	none
Nvec_vc1.1_XM_048731942.1	A1	ARCH65_Twist2/Twist1	16	0.503521677354221	0.25993296511783	HLH	HLH	FALSE	FALSE	TRUE	none
Nvec_vc1.1_XM_048731950.1	A1	ARCH107_Cic_Hbp1_Sox13/Sox5...	30	0.210318649403754	0.124747892944328	HMGbox_Sox	HMGbox_Sox	FALSE	FALSE	TRUE	none
Nvec_vc1.1_XM_048732398.1	A1	ARCH690_Alx3/Alx4/Alx1_Barx...	553	0.199646540923631	0.180068966873076	E2F_TDP	E2F_TDP	FALSE	FALSE	TRUE	none
Nvec_vc1.1_XM_048732532.1	B1	ARCH469_Elf3/Ehf/Elf5	186	0.181533700414469	-0.0420790188077654	Ets	Ets	FALSE	FALSE	TRUE	none
Nvec_vc1.1_XM_048732776.1	A1	ARCH1119_/Lef1/Tcf7l1/Tcf7	14	0.177234730917227	0.188302776532208	HMGbox_Sox	HMGbox_Sox	FALSE	FALSE	TRUE	none
Nvec_vc1.1_XM_048733199.1	C2	ARCH1071_NF1	868	-0.0754064471597542	0.430893396292128	""	NFX1_ZF	FALSE	FALSE	TRUE	none
Nvec_vc1.1_XM_048733302.1	B1	ARCH63_Mlx_Srebf2/Srebf1_Usf3	79	0.155764181960154	0.0710425857538048	HLH	HLH	FALSE	FALSE	TRUE	none
Nvec_vc1.1_XM_048733519.1	B1	ARCH483_Alx3/Alx4/Alx1_Barx...	30	0.37793731955669	0.0565012164834654	Homeodomains	Homeodomains	FALSE	FALSE	TRUE	none
Nvec_vc1.1_XM_048733551.1	C1	ARCH685_Barx2/Barx1_Dlx4/Dl...	899	-0.0170931434047309	0.553617850812597	Homeodomains	Homeodomains	FALSE	FALSE	TRUE	none
Nvec_vc1.1_XM_048733581.1	B1	ARCH1132_M08316_2.00__M0890...	25	0.648329610203532	0	zf-C2H2	zf-C2H2	FALSE	FALSE	TRUE	none
Nvec_vc1.1_XM_048733733.1	B1	ARCH1169_M03912_2.00	195	0.304709537646513	0	Myb	Myb	FALSE	FALSE	TRUE	none
Nvec_vc1.1_XM_048733866.1	A2	ARCH1102_Brn2	12	0.28198088632365	0.565948401031309	""	AF-4	FALSE	FALSE	TRUE	none
Nvec_vc1.1_XM_048734004.1	A1	ARCH279_Yy1	26	0.1458241473965	0.183907956801263	zf-C2H2	zf-C2H2	FALSE	FALSE	TRUE	none
Nvec_vc1.1_XM_048734435.1	A1	ARCH374_/E2f4_E2f6_E2f8/E2f7	15	0.161046019189275	0.112375764843429	E2F_TDP	E2F_TDP	TRUE	TRUE	TRUE	assigned
Nvec_vc1.1_XM_048734482.1	C1	ARCH308_Gfi1b/Gfi1	127	0.0469933578840205	0.238854138064635	zf-C2H2	zf-C2H2	FALSE	FALSE	TRUE	none
Nvec_vc1.1_XM_048734570.1	B1	ARCH239_Scrt2/Scrt1	9	0.355857828016222	-0.0135534791509347	zf-C2H2	zf-C2H2	FALSE	FALSE	TRUE	none
Nvec_vc1.1_XM_048734588.1	B1	ARCH1167_M08277_2.00__M0885...	9	0.209771449909547	0	zf-C2H2	zf-C2H2	FALSE	FALSE	TRUE	none
Nvec_vc1.1_XM_048734590.1	B1	ARCH1132_M08316_2.00__M0890...	22	0.647541812531517	0	zf-C2H2	zf-C2H2	FALSE	FALSE	TRUE	none
Nvec_vc1.1_XM_048734675.1	B1	ARCH1076_/Sox4/Sox11_Sox13/...	11	0.733256070246147	0	HMGbox_Sox	HMGbox_Sox	FALSE	FALSE	TRUE	none
Nvec_vc1.1_XM_048734691.1	A1	ARCH1132_M08316_2.00__M0890...	27	0.640147463215692	0.650233572458213	zf-C2H2	zf-C2H2	FALSE	FALSE	TRUE	none
