Query_ID	Target_ID	Optimal_offset	p-value	E-value	q-value	Overlap	Query_consensus	Target_consensus	Orientation
1-CACAGGRADCCCRM	ARCH449_POL009.1_DCE_S_II__...	-1	7.35792e-07	0.00127071	0.00254143	11	CACAGGAAACCCAA	ACAGGAAGCCC	+
1-CACAGGRADCCCRM	ARCH574_Elf3/Ehf/Elf5_Erg/F...	-1	8.35051e-05	0.144213	0.144213	9	CACAGGAAACCCAA	ACAGGAAAT	+
2-VTTGCGTGAC	ARCH805_NAC083	2	7.40758e-06	0.0127929	0.0253055	10	ATTGCGTGAC	ACGTTGCGTGAC	+
2-VTTGCGTGAC	ARCH785_Arnt:Ahr	-1	7.43059e-05	0.128326	0.103959	7	ATTGCGTGAC	TTGCGTG	-
2-VTTGCGTGAC	ARCH786_NAC080	-1	0.000142432	0.245981	0.103959	9	ATTGCGTGAC	TTGCGTGTCA	+
2-VTTGCGTGAC	ARCH1579_M03945_2.00__sv	-1	0.000151845	0.262236	0.103959	9	ATTGCGTGAC	ATGCGTGACG	+
2-VTTGCGTGAC	ARCH1066_Tb_0218__QKI	0	0.000200527	0.346311	0.103959	9	ATTGCGTGAC	ATTGCGTTA	+
2-VTTGCGTGAC	ARCH455_PAX5	2	0.000224089	0.387001	0.103959	10	ATTGCGTGAC	GGCTAGCGTGAC	-
2-VTTGCGTGAC	ARCH1580_Pax7/Pax3	-3	0.000234468	0.404927	0.103959	7	ATTGCGTGAC	CCGTGAC	-
2-VTTGCGTGAC	ARCH1224_Cebpd/Cebpe/Cebpa/...	0	0.000243451	0.420441	0.103959	10	ATTGCGTGAC	ATTGCGTAAT	-
3-MARAGGTCAHR	ARCH1705_Nr2c1/Nr2c2_Nr2f1/...	9	5.47299e-08	9.45185e-05	0.000185476	11	AAAAGGTCAAA	AAGGTCAACAAAAGGTCAAAAGGTCACTCAAGGTCA	+
3-MARAGGTCAHR	ARCH1664_Nr2c1/Nr2c2_Nr2f1/...	-1	6.01623e-07	0.001039	0.00101943	8	AAAAGGTCAAA	AAAGGTCA	+
3-MARAGGTCAHR	ARCH1662_Nr2c1/Nr2c2_Nr2f1/...	-1	3.70905e-06	0.00640553	0.00322164	8	AAAAGGTCAAA	AAAGGTCA	+
3-MARAGGTCAHR	ARCH1661_Nr2c1/Nr2c2_Nr2f1/...	-1	5.7038e-06	0.00985046	0.00322164	8	AAAAGGTCAAA	AAAGGTCA	+
3-MARAGGTCAHR	ARCH1663_Nr2c1/Nr2c2_Nr2f1/...	-1	5.7038e-06	0.00985046	0.00322164	8	AAAAGGTCAAA	AAAGGTCA	+
3-MARAGGTCAHR	ARCH1692_Nr2c1/Nr2c2_Nr2f1/...	-1	5.7038e-06	0.00985046	0.00322164	8	AAAAGGTCAAA	AAAGGTCA	+
3-MARAGGTCAHR	ARCH1722_Nr2c1/Nr2c2_Nr2f1/...	-1	1.03197e-05	0.0178222	0.00430981	10	AAAAGGTCAAA	AAAGGTCAAAGG	+
3-MARAGGTCAHR	ARCH1667_Nr2c1/Nr2c2_Nr2f1/...	-2	1.14455e-05	0.0197664	0.00430981	7	AAAAGGTCAAA	GAGGTCA	+
3-MARAGGTCAHR	ARCH1680_Nr2c1/Nr2c2_Nr2f1/...	-2	1.14455e-05	0.0197664	0.00430981	7	AAAAGGTCAAA	AAGGTCA	+
3-MARAGGTCAHR	ARCH1658_Nr2c1/Nr2c2_Nr2f1/...	-1	1.75611e-05	0.030328	0.00595136	10	AAAAGGTCAAA	AAAGGTCAAATTGAGGTCA	+
3-MARAGGTCAHR	ARCH1691_Nr2c1/Nr2c2_Nr2f1/...	0	4.46011e-05	0.077026	0.0135287	9	AAAAGGTCAAA	CAAAGGTCA	+
3-MARAGGTCAHR	ARCH1561_THRb	-3	5.05453e-05	0.0872917	0.0135287	6	AAAAGGTCAAA	AGGTCA	+
3-MARAGGTCAHR	ARCH1681_NR2C1	-1	5.1896e-05	0.0896244	0.0135287	8	AAAAGGTCAAA	AAAGGTCA	-
3-MARAGGTCAHR	ARCH1723_NR2F2	-1	8.172e-05	0.14113	0.0197817	9	AAAAGGTCAAA	ATAGGTCAA	-
3-MARAGGTCAHR	ARCH1655_Nr2c1/Nr2c2_Nr2f1/...	-2	9.97992e-05	0.172353	0.0225476	8	AAAAGGTCAAA	AAGGTCAT	+
3-MARAGGTCAHR	ARCH1597_Nr2c1/Nr2c2_Nr2f1/...	8	0.000109686	0.189427	0.0229021	11	AAAAGGTCAAA	GGGGGATCAAGAGGTCAAGG	+
3-MARAGGTCAHR	ARCH1591_Nr2c1/Nr2c2_Nr2f1/...	-1	0.000118106	0.203968	0.0229021	8	AAAAGGTCAAA	CAAGGTCA	+
3-MARAGGTCAHR	ARCH1595_Nr2c1/Nr2c2_Nr2f1/...	-2	0.000121642	0.210075	0.0229021	9	AAAAGGTCAAA	AAGGTCACG	+
3-MARAGGTCAHR	ARCH1669_Hnf4g/Hnf4a_Nr2c1/...	-1	0.000145783	0.251768	0.0260027	10	AAAAGGTCAAA	AGGGGTCAAAGGTCA	+
3-MARAGGTCAHR	ARCH1673_Nr2c1/Nr2c2_Nr2f1/...	6	0.000157869	0.272639	0.0267504	10	AAAAGGTCAAA	GAGGTCAAAAGGTCAC	+
3-MARAGGTCAHR	ARCH1555_Nr2c1/Nr2c2_Nr2f1/...	-3	0.000182836	0.315757	0.0286653	6	AAAAGGTCAAA	AGGTCA	+
3-MARAGGTCAHR	ARCH1721_Nr2c1/Nr2c2_Nr2f1/...	-1	0.000186086	0.321371	0.0286653	10	AAAAGGTCAAA	AGGGGTCAAAGGTCA	+
3-MARAGGTCAHR	ARCH1653_M02408_2.00	-2	0.000227324	0.392589	0.0312338	8	AAAAGGTCAAA	GAGGTCAA	+
3-MARAGGTCAHR	ARCH1666_Nr2c1/Nr2c2_Nr2f1/...	-2	0.000227324	0.392589	0.0312338	8	AAAAGGTCAAA	AAGGTCAC	+
3-MARAGGTCAHR	ARCH1586_Nr2c1/Nr2c2_Nr2f1/...	-3	0.000230409	0.397917	0.0312338	6	AAAAGGTCAAA	AGGTCA	+
3-MARAGGTCAHR	ARCH1679_Nr2c1/Nr2c2_Nr2f1/...	-3	0.000251598	0.434509	0.0315797	6	AAAAGGTCAAA	AGGTCA	+
3-MARAGGTCAHR	ARCH1715_Nr2c1/Nr2c2_Nr2f1/...	-3	0.000251598	0.434509	0.0315797	6	AAAAGGTCAAA	AGGTCA	+
3-MARAGGTCAHR	ARCH1557_Hnf4g/Hnf4a_Nr2c1/...	-3	0.000275058	0.475025	0.0329377	6	AAAAGGTCAAA	AGGTCA	+
3-MARAGGTCAHR	ARCH1659_Nr2f1/Nr2f2/Nr2f6	-1	0.000281856	0.486765	0.0329377	8	AAAAGGTCAAA	CAAGGTCA	+
4-CCGCCATYTTGDWT	ARCH1253_Yy1	-1	1.22848e-07	0.000212159	0.000262984	10	CCGCCATCTTGGAT	CGCCATCTTG	+
4-CCGCCATYTTGDWT	ARCH1256_Yy1	1	1.52278e-07	0.000262984	0.000262984	11	CCGCCATCTTGGAT	GCCGCCATTTTG	+
4-CCGCCATYTTGDWT	ARCH1254_M08020_2.00	-1	8.30758e-07	0.00143472	0.000956479	13	CCGCCATCTTGGAT	CGCCATCTTGGATGAGGGCAG	+
4-CCGCCATYTTGDWT	ARCH419_Yy1	4	2.36621e-06	0.00408644	0.00204322	11	CCGCCATCTTGGAT	GCGGCCGCCATCTTG	+
4-CCGCCATYTTGDWT	ARCH524_M09439_2.00	1	1.47349e-05	0.0254471	0.0101788	14	CCGCCATCTTGGAT	GCCGCCATCTTGGCTGCGGGC	-
4-CCGCCATYTTGDWT	ARCH523_Yy1	0	2.11533e-05	0.0365317	0.0121772	14	CCGCCATCTTGGAT	CGGCCATCTTGGCTGCT	+
7-CGTSACAT	ARCH1593_PL0005.1_hlh-30	4	2.39367e-05	0.0413386	0.0818807	8	CGTGACAT	ATCACGTGACAT	-
8-CGAGWGGGGCYTGG	ARCH499_PB0114.1_Egr1_2	-1	7.91869e-05	0.136756	0.273512	12	CGAGAGGGGCTTGG	GAGAGGGACTGG	+
8-CGAGWGGGGCYTGG	ARCH348_Klf11_Klf5_Klf7_Klf8	-1	0.000245539	0.424045	0.424045	13	CGAGAGGGGCTTGG	GGGTGTGGCCGGG	-
11-CTGTTATCT	ARCH767_achi	0	0.000137309	0.237133	0.428466	9	CTGTTATCT	CTGTCATCG	-
12-CGCGAAA	ARCH1223_/E2f4_E2f6	4	4.93475e-05	0.0852231	0.170212	7	CGCGAAA	TACGCGCGAAAACTG	+
12-CGCGAAA	ARCH433_/E2f4_E2f6	2	0.000148892	0.257136	0.18046	7	CGCGAAA	CGCGCGAAA	+
12-CGCGAAA	ARCH434_/E2f4_E2f6_E2f8/E2f7	2	0.000156956	0.271063	0.18046	7	CGCGAAA	GGCGCGAAAC	+
13-CGCATWCC	ARCH700_TEAD3__TEAD1	0	0.000128373	0.2217	0.279699	8	CGCATTCC	TACATTCCA	+
13-CGCATWCC	ARCH699_TEAD4	-1	0.000161957	0.279699	0.279699	7	CGCATTCC	GCATTCC	-
15-GATGTCCACGCAACA	ARCH785_Arnt:Ahr	-6	7.43466e-05	0.128397	0.256793	7	GATGTCCACGCAACA	CACGCAA	+
16-AATCGC	ARCH1144_Deaf1	4	0.000133309	0.230225	0.46045	6	AATCGC	TGCGAATCGC	-
17-AGAAGGACCTW	ARCH1449_Gata3/Gata1/Gata2	1	0.000199709	0.344897	0.378442	11	AGAAGGACCTT	GATAAGGACCTTATC	-
17-AGAAGGACCTW	ARCH445_M03750_2.00__M03751...	0	0.000219132	0.378442	0.378442	10	AGAAGGACCTT	CGAAGGACCG	+
18-GGGTCAAG	ARCH1556_Hnf4g/Hnf4a_Nr2c1/...	1	0.000161815	0.279454	0.141054	7	GGGTCAAG	GGGGTCAA	+
18-GGGTCAAG	ARCH1665_Nr2c1/Nr2c2_Nr2f1/...	0	0.000183532	0.31696	0.141054	8	GGGTCAAG	AGGTCAAGGTCA	+
18-GGGTCAAG	ARCH1562_Nr2c1/Nr2c2_Nr2f1/...	1	0.000183796	0.317416	0.141054	8	GGGTCAAG	GGGGTCACG	+
18-GGGTCAAG	ARCH1587_RAR:RXR	0	0.000215921	0.372896	0.141054	8	GGGTCAAG	AGGTCAAGGTCA	+
18-GGGTCAAG	ARCH1714_Nr2c1/Nr2c2_Nr2f1/...	2	0.000234692	0.405312	0.141054	8	GGGTCAAG	AGGGGTCAAGGGCTCA	+

# Tomtom (Motif Comparison Tool): Version 5.5.7 compiled on Nov 13 2024 at 15:49:57
# The format of this file is described at https://meme-suite.org/meme/doc/tomtom-output-format.html.
# tomtom -o /users/asebe/aelek/proj/scATAC_nvec_v2/Nematostella_scATAC/results/Motifs/streme/muscle//peaks_both/tomtom -no-ssc -verbosity 1 -min-overlap 5 -dist pearson -evalue -thresh 0.5 /users/asebe/aelek/proj/scATAC_nvec_v2/Nematostella_scATAC/results/Motifs/streme/muscle//peaks_both/streme/streme.xml /users/asebe/aelek/proj/scATAC_nvec_v2/Nematostella_scATAC/results/Archetypes/motif-archetypes-PPM-PCC-0.8-IC0.5-5bp-pwms.meme
