SEACell	metacell	SEACell_cell_type	metacell_cell_type
10_F6k#AACTACGACCTCGAGC	3	cnidocyte	cnidocyte_spirocytes
10_F6k#CCTTCTACTCAGATTC	4	cnidocyte	cnidocyte_spirocytes
12_F#CTTGCTGTCTTGGCCT	1	cnidocyte	cnidocyte_nematocytes
19_Elav#CTTTAGGGATGTTGTG	1	cnidocyte	cnidocyte_nematocytes
22_Fn#GTCACAAACAGCAATA	1	cnidocyte	cnidocyte_nematocytes
22_Fn#TCCTTCACTACAACAA	5	cnidocyte	cnidocyte_precursor
23_Fn#CCCGGAAACGCATGAG	1	cnidocyte	cnidocyte_nematocytes
24_Fn#TTCAAGTCTTGCTGTA	1	cnidocyte	cnidocyte_nematocytes
26_Fn#CCGTTGTACCATCTTT	1	cnidocyte	cnidocyte_nematocytes
26_Fn#TACCTTCCTGAACCTT	4	cnidocyte	cnidocyte_spirocytes
26_Fn#TGAGGTACTCGGTACC	1	cnidocyte	cnidocyte_nematocytes
29_Elav#AGAGTAATGCCTCCTA	1	cnidocyte	cnidocyte_nematocytes
29_Elav#AGAGTAATGCCTCCTA	2	cnidocyte	cnidocyte_nematocytes
3_FixSor#TCTTGAGGAACCAGTT	4	cnidocyte	cnidocyte_spirocytes
9_F6k#CAGAGGCCTAAACATG	1	cnidocyte	cnidocyte_nematocytes
Multiome_07563AAD#TCTTCAAGTCCGTGAG-1	1	cnidocyte	cnidocyte_nematocytes
10_F6k#GCCGTTTACTAGCGAG	51	gastro_circular_muscle_1	gastrodermis
11_F5k#CCTCCCTTGCCAGCAC	51	gastro_circular_muscle_1	gastrodermis
12_F#AGCGTATCAGACCTGC	51	gastro_circular_muscle_1	gastrodermis
12_F#ATTACTCTCACTACCC	51	gastro_circular_muscle_1	gastrodermis
12_F#TACGCAAAGTGCTGAG	51	gastro_circular_muscle_1	gastrodermis
13_F#CATTGGATCGTGAACT	51	gastro_circular_muscle_1	gastrodermis
13_F#CTGTTCGGTCAACTGT	51	gastro_circular_muscle_1	gastrodermis
13_F#GAAGAGCCAATCACTG	51	gastro_circular_muscle_1	gastrodermis
13_F#TTACCGCGTTGGACGA	51	gastro_circular_muscle_1	gastrodermis
16_FC#AATGTGCACCTGCGGT	51	gastro_circular_muscle_1	gastrodermis
16_FC#CGACGTTCTGGACCAA	51	gastro_circular_muscle_1	gastrodermis
16_FC#CGTTACCTGCAACGCC	51	gastro_circular_muscle_1	gastrodermis
16_FC#CTCTATATGTTTCGCC	51	gastro_circular_muscle_1	gastrodermis
16_FC#CTGGTGGACTACTTTC	51	gastro_circular_muscle_1	gastrodermis
16_FC#GGCGTTTCTAGCCATT	51	gastro_circular_muscle_1	gastrodermis
16_FC#TACCCGGGATCTGTAG	51	gastro_circular_muscle_1	gastrodermis
18_Elav#ATGTCCAGACGTGCAC	51	gastro_circular_muscle_1	gastrodermis
18_Elav#CAAGATAGATTACGCA	35	gastro_circular_muscle_1	gastrodermis
18_Elav#CGATATGTGTAGGTTC	51	gastro_circular_muscle_1	gastrodermis
18_Elav#TACCGCTTGGAAATCA	51	gastro_circular_muscle_1	gastrodermis
19_Elav#AAAGCATGACCCGCAA	51	gastro_circular_muscle_1	gastrodermis
19_Elav#AATCAGCTGATCCTCC	51	gastro_circular_muscle_1	gastrodermis
19_Elav#ACGCCCAGAAGCCTAT	51	gastro_circular_muscle_1	gastrodermis
19_Elav#CAAAGGGACCGTTATG	51	gastro_circular_muscle_1	gastrodermis
19_Elav#CTCTCTGGAGTTAGGG	51	gastro_circular_muscle_1	gastrodermis
19_Elav#TAGTGCATGAGGCATG	51	gastro_circular_muscle_1	gastrodermis
19_Elav#TCCGTGGGACCACTTC	51	gastro_circular_muscle_1	gastrodermis
20_Fn#CGCTGAGTGCAAGGTG	51	gastro_circular_muscle_1	gastrodermis
20_Fn#CGTGGAAGACCTCAAA	26	gastro_circular_muscle_1	gastrodermis
20_Fn#GGGAAAGCTACGCGAA	39	gastro_circular_muscle_1	gastrodermis
20_Fn#GGGAAAGCTACGCGAA	25	gastro_circular_muscle_1	gastrodermis
20_Fn#GGTTGTATGGCCCTGA	51	gastro_circular_muscle_1	gastrodermis
20_Fn#GTAATCGACGCCGTTG	51	gastro_circular_muscle_1	gastrodermis
20_Fn#GTCAAGTACAGGTAAT	39	gastro_circular_muscle_1	gastrodermis
20_Fn#GTTCTTCCTGCTGAGA	51	gastro_circular_muscle_1	gastrodermis
20_Fn#TGAGTAAGATGATCAC	51	gastro_circular_muscle_1	gastrodermis
20_Fn#TGGATTGACGACTCGC	51	gastro_circular_muscle_1	gastrodermis
21_Fn#AACTCCCTGTTAGCTG	39	gastro_circular_muscle_1	gastrodermis
21_Fn#AGATGGGTGGAAGGCT	51	gastro_circular_muscle_1	gastrodermis
21_Fn#ATGCATCGAGTTGTCA	51	gastro_circular_muscle_1	gastrodermis
21_Fn#CATTACACTTACAGCT	51	gastro_circular_muscle_1	gastrodermis
21_Fn#CCAAGGAGATTACGAC	39	gastro_circular_muscle_1	gastrodermis
21_Fn#GCCATTCACTATGACC	51	gastro_circular_muscle_1	gastrodermis
21_Fn#TCCCAGACTAGCAGGT	51	gastro_circular_muscle_1	gastrodermis
21_Fn#TCTACGAGATACAGAA	51	gastro_circular_muscle_1	gastrodermis
21_Fn#TGAGAATGATGAGCAG	26	gastro_circular_muscle_1	gastrodermis
21_Fn#TGAGAATGATGAGCAG	24	gastro_circular_muscle_1	gastrodermis
22_Fn#CAAGATAGACTCATCC	51	gastro_circular_muscle_1	gastrodermis
22_Fn#CTATAGCGATACACTG	51	gastro_circular_muscle_1	gastrodermis
22_Fn#GGGCTTCGACCTGAGC	51	gastro_circular_muscle_1	gastrodermis
23_Fn#AGCTTCCACTGGTCCG	51	gastro_circular_muscle_1	gastrodermis
23_Fn#ATTCCAGGACGACATT	51	gastro_circular_muscle_1	gastrodermis
23_Fn#TACACTACTAGCTTTG	51	gastro_circular_muscle_1	gastrodermis
23_Fn#TCCTAATTGTCGTCAA	39	gastro_circular_muscle_1	gastrodermis
24_Fn#CTATTCAACACGAGCA	51	gastro_circular_muscle_1	gastrodermis
24_Fn#TACTGGCCTTGCGTGC	51	gastro_circular_muscle_1	gastrodermis
25_Fn#AGGTGATCTCGAAAGC	53	gastro_circular_muscle_1	gastrodermis
25_Fn#AGGTGATCTCGAAAGC	37	gastro_circular_muscle_1	gastrodermis
25_Fn#GGGGGGGGGGGGGGGG	51	gastro_circular_muscle_1	gastrodermis
25_Fn#GGGGGGGGGGGGGGGG	19	gastro_circular_muscle_1	gastrodermis
26_Fn#AAGACAAACTCCTACC	51	gastro_circular_muscle_1	gastrodermis
26_Fn#AAGACAAACTCCTACC	17	gastro_circular_muscle_1	gastrodermis_muscle_somatic_gonad
26_Fn#AAGCGTGGAGAATTGA	51	gastro_circular_muscle_1	gastrodermis
26_Fn#AGCGCAAGACAGTCCG	39	gastro_circular_muscle_1	gastrodermis
26_Fn#CAGGGCACTCATCCTC	51	gastro_circular_muscle_1	gastrodermis
26_Fn#CAGGGCACTCATCCTC	20	gastro_circular_muscle_1	gastrodermis
26_Fn#CAGGGCACTCATCCTC	41	gastro_circular_muscle_1	gastrodermis
26_Fn#CAGGGCACTCATCCTC	42	gastro_circular_muscle_1	gastrodermis
26_Fn#CAGGGCACTCATCCTC	43	gastro_circular_muscle_1	gastrodermis
26_Fn#CAGGGCACTCATCCTC	49	gastro_circular_muscle_1	gastrodermis
26_Fn#CAGGGCACTCATCCTC	50	gastro_circular_muscle_1	gastrodermis
26_Fn#CAGGGCACTCATCCTC	52	gastro_circular_muscle_1	gastrodermis
26_Fn#TAGGCCTCTACTAGGG	21	gastro_circular_muscle_1	gastrodermis
26_Fn#TGGATTGACGAAGTTA	51	gastro_circular_muscle_1	gastrodermis
27_Fn#AGCAACTTGAAGTAAC	35	gastro_circular_muscle_1	gastrodermis
27_Fn#CCTTCTTTGACAGGTG	51	gastro_circular_muscle_1	gastrodermis
28_Elav#ATCACGATGGAAGGCT	51	gastro_circular_muscle_1	gastrodermis
28_Elav#CACTATACTCTCTGGG	26	gastro_circular_muscle_1	gastrodermis
28_Elav#GCGTCTTTGGTACACT	51	gastro_circular_muscle_1	gastrodermis
28_Elav#GGATATAGACAGCTGC	51	gastro_circular_muscle_1	gastrodermis
29_Elav#ATGTCCAGAATAGGTA	51	gastro_circular_muscle_1	gastrodermis
29_Elav#TACCCGTTGTGCGGCT	53	gastro_circular_muscle_1	gastrodermis
29_Elav#TTGTTTGTGTGTTCCC	26	gastro_circular_muscle_1	gastrodermis
3_FixSor#ATGCATCGACCAACGC	51	gastro_circular_muscle_1	gastrodermis
3_FixSor#TGGAGTTACTACCTGA	51	gastro_circular_muscle_1	gastrodermis
3_FixSor#TGGAGTTACTACCTGA	44	gastro_circular_muscle_1	gastrodermis
50m_PFA#ATCGCCGGACTATCTT	51	gastro_circular_muscle_1	gastrodermis
9_F6k#CTCTGCAACGAAGGTC	51	gastro_circular_muscle_1	gastrodermis
9_F6k#TAACGCATGTGAGGCA	51	gastro_circular_muscle_1	gastrodermis
9_F6k#TGCCATCTGTTCGCAA	51	gastro_circular_muscle_1	gastrodermis
9_F6k#TGCCATCTGTTCGCAA	32	gastro_circular_muscle_1	gastrodermis
Multiome_07563AAD#GATCAGGCATGGTTAT-1	51	gastro_circular_muscle_1	gastrodermis
19_Elav#GGATACTACCCAGCTG	51	gastro_circular_muscle_2	gastrodermis
19_Elav#TCTCAGAGATATTGCG	51	gastro_circular_muscle_2	gastrodermis
19_Elav#TTGGTATCTTGCATCA	51	gastro_circular_muscle_2	gastrodermis
20_Fn#AGCTATGACCGAAGCA	51	gastro_circular_muscle_2	gastrodermis
20_Fn#AGCTATGACCGAAGCA	27	gastro_circular_muscle_2	gastrodermis
20_Fn#CTACAACGACATTCAG	55	gastro_circular_muscle_2	gastrodermis
20_Fn#GCGTATATGCGATTAC	55	gastro_circular_muscle_2	gastrodermis
20_Fn#GTTGAAGCTTCCTACC	55	gastro_circular_muscle_2	gastrodermis
21_Fn#ACCAATGACATGTCAC	55	gastro_circular_muscle_2	gastrodermis
23_Fn#AATAGGAACTGAGCAG	55	gastro_circular_muscle_2	gastrodermis
23_Fn#GTACCGGACGCTCCTT	55	gastro_circular_muscle_2	gastrodermis
24_Fn#TCAAAGGCTAACCCGC	55	gastro_circular_muscle_2	gastrodermis
25_Fn#GCAACTTGATAGCAGG	55	gastro_circular_muscle_2	gastrodermis
26_Fn#ACGCTCTTGCTGAGAG	55	gastro_circular_muscle_2	gastrodermis
26_Fn#AGGGCGTCTCTCATTT	55	gastro_circular_muscle_2	gastrodermis
26_Fn#CCCTTGCCTGCGGTAA	55	gastro_circular_muscle_2	gastrodermis
26_Fn#GAGAGTGACGAAATCA	55	gastro_circular_muscle_2	gastrodermis
27_Fn#GCTAGATACCGAGTTT	51	gastro_circular_muscle_2	gastrodermis
28_Elav#AGAGCAGTGTAAAGCA	55	gastro_circular_muscle_2	gastrodermis
28_Elav#AGTTTGCGATGTGCTA	55	gastro_circular_muscle_2	gastrodermis
29_Elav#GCGTTAATGTTCGGGC	51	gastro_circular_muscle_2	gastrodermis
30_Elav#AAGAAACACGTACACT	55	gastro_circular_muscle_2	gastrodermis
30_Elav#GGTGAGATGGAATCTC	55	gastro_circular_muscle_2	gastrodermis
3_FixSor#TTGGCAAACTGACTCA	55	gastro_circular_muscle_2	gastrodermis
50m_PFA#CGGAATTTGTGATGAA	55	gastro_circular_muscle_2	gastrodermis
9_F6k#ATGATAGGATTCGTTT	55	gastro_circular_muscle_2	gastrodermis
10_F6k#AAGTACCACAACGTTC	51	gastro_parietal_muscle	gastrodermis
10_F6k#AGAACATGAACTAGTC	51	gastro_parietal_muscle	gastrodermis
10_F6k#CAATGTGTGGCTCAGC	46	gastro_parietal_muscle	gastrodermis
10_F6k#TAGCAGACTAATCTGC	51	gastro_parietal_muscle	gastrodermis
11_F5k#GGTATGACTAGCCTAT	46	gastro_parietal_muscle	gastrodermis
12_F#ACTGTCCGTACAAGCG	51	gastro_parietal_muscle	gastrodermis
12_F#CCCTAGTCATAGATAG	46	gastro_parietal_muscle	gastrodermis
12_F#CGATGATTCTGGCGCA	46	gastro_parietal_muscle	gastrodermis
12_F#CTTGCTGTCTTCCGTG	55	gastro_parietal_muscle	gastrodermis
12_F#GATTGACCAGTTGGAG	46	gastro_parietal_muscle	gastrodermis
12_F#TAAGTGCAGACGACTG	51	gastro_parietal_muscle	gastrodermis
13_F#ACGTTAGGTGCCCGAT	46	gastro_parietal_muscle	gastrodermis
13_F#GGAGGATGTTGCCTGG	51	gastro_parietal_muscle	gastrodermis
20_Fn#CATAGGTACTAATAGG	51	gastro_parietal_muscle	gastrodermis
20_Fn#CATAGGTACTAATAGG	16	gastro_parietal_muscle	gastrodermis_muscle_tentacle_bud_stage
20_Fn#CCATCCATGGGTTTGT	46	gastro_parietal_muscle	gastrodermis
20_Fn#CCCTCCTTGGACTCGC	48	gastro_parietal_muscle	gastrodermis
20_Fn#CCTTACTCTGGACCTC	51	gastro_parietal_muscle	gastrodermis
20_Fn#CGACCTTACGTTAGTC	51	gastro_parietal_muscle	gastrodermis
20_Fn#CTAATCTTGTTGCAGT	55	gastro_parietal_muscle	gastrodermis
20_Fn#GATCCAAACTTTCTTG	51	gastro_parietal_muscle	gastrodermis
20_Fn#GGGTGAATGGGGTAGT	46	gastro_parietal_muscle	gastrodermis
20_Fn#GGTGTAACTCTGTACA	53	gastro_parietal_muscle	gastrodermis
20_Fn#GGTTCCTTGTGCGTGC	46	gastro_parietal_muscle	gastrodermis
20_Fn#GTTCTTCCTGCTCTTC	55	gastro_parietal_muscle	gastrodermis
20_Fn#TACTGTACTGGGTAGT	55	gastro_parietal_muscle	gastrodermis
20_Fn#TAGTTGCGAAACGTAA	48	gastro_parietal_muscle	gastrodermis
20_Fn#TTAGCCAGATCATTGG	51	gastro_parietal_muscle	gastrodermis
20_Fn#TTAGCGATGAAACTGA	45	gastro_parietal_muscle	gastrodermis
20_Fn#TTAGCGATGAAACTGA	47	gastro_parietal_muscle	gastrodermis
20_Fn#TTGGAGACTGTTCTCC	39	gastro_parietal_muscle	gastrodermis
20_Fn#TTTACGTACCGACATT	51	gastro_parietal_muscle	gastrodermis
21_Fn#AGCTTGTGAGAATGTA	55	gastro_parietal_muscle	gastrodermis
21_Fn#ATACAGGCTCATCTTT	53	gastro_parietal_muscle	gastrodermis
21_Fn#ATAGGAAACGCGGTTC	46	gastro_parietal_muscle	gastrodermis
21_Fn#ATAGGAAACGCGGTTC	30	gastro_parietal_muscle	gastrodermis
21_Fn#ATCCTCGACGCCACGT	55	gastro_parietal_muscle	gastrodermis
21_Fn#CCGCTATTGGGACCAA	46	gastro_parietal_muscle	gastrodermis
21_Fn#CGTGTAATGAACCCGC	55	gastro_parietal_muscle	gastrodermis
21_Fn#GGGTATGGATTCTCGC	29	gastro_parietal_muscle	gastrodermis
21_Fn#GGTATACTGAACGAAT	53	gastro_parietal_muscle	gastrodermis
21_Fn#GTACATCGACCAGGCT	51	gastro_parietal_muscle	gastrodermis
21_Fn#GTCAAGTACTGTGGGA	39	gastro_parietal_muscle	gastrodermis
21_Fn#TAATTGCCTCTATCTT	51	gastro_parietal_muscle	gastrodermis
21_Fn#TAATTGCCTCTATCTT	34	gastro_parietal_muscle	gastrodermis
21_Fn#TACAACGTGGAATAAC	53	gastro_parietal_muscle	gastrodermis
21_Fn#TCCTTAAACAGAGGCT	51	gastro_parietal_muscle	gastrodermis
21_Fn#TGCGCCAGAAAGACAT	46	gastro_parietal_muscle	gastrodermis
21_Fn#TGCTACGCTCAGCACC	39	gastro_parietal_muscle	gastrodermis
21_Fn#TGTGACTGAGACAAAT	51	gastro_parietal_muscle	gastrodermis
22_Fn#ACTCAGAACGCCCTAG	51	gastro_parietal_muscle	gastrodermis
22_Fn#AGCTCGGACACTAGTC	51	gastro_parietal_muscle	gastrodermis
22_Fn#AGTAGAAACCCACAAT	46	gastro_parietal_muscle	gastrodermis
22_Fn#AGTAGAAACCCACAAT	54	gastro_parietal_muscle	gastrodermis
22_Fn#CAAGCAACTAAAGCTA	55	gastro_parietal_muscle	gastrodermis
22_Fn#GGATCCCGAGTCTGGC	51	gastro_parietal_muscle	gastrodermis
22_Fn#GTGTGATACCGTAGAG	51	gastro_parietal_muscle	gastrodermis
23_Fn#ACCTACCTGGTTGTCA	46	gastro_parietal_muscle	gastrodermis
23_Fn#GCGTTCTACACAACAA	46	gastro_parietal_muscle	gastrodermis
23_Fn#GTATTCACTTTCTGAG	51	gastro_parietal_muscle	gastrodermis
24_Fn#AAATGCGCTCCAAACT	51	gastro_parietal_muscle	gastrodermis
24_Fn#AACCCTCACTCATTGG	46	gastro_parietal_muscle	gastrodermis
24_Fn#AGATGGGTGCTACTCC	46	gastro_parietal_muscle	gastrodermis
25_Fn#AGTTCACGACCGTTAA	51	gastro_parietal_muscle	gastrodermis
25_Fn#TAGCAGACTTCATTTC	53	gastro_parietal_muscle	gastrodermis
25_Fn#TCTATGGGAGGAGTCA	51	gastro_parietal_muscle	gastrodermis
25_Fn#TCTATGGGAGGAGTCA	23	gastro_parietal_muscle	gastrodermis
25_Fn#TCTATGGGAGGAGTCA	36	gastro_parietal_muscle	gastrodermis
26_Fn#ACCTCGTTGCGTTCTC	51	gastro_parietal_muscle	gastrodermis
26_Fn#CGACAGCACTGCGCCA	51	gastro_parietal_muscle	gastrodermis
26_Fn#CGGAATTTGTCTGTGA	46	gastro_parietal_muscle	gastrodermis
26_Fn#CTATCTATGATCAGCT	51	gastro_parietal_muscle	gastrodermis
26_Fn#TAACGCATGGTCCCAG	51	gastro_parietal_muscle	gastrodermis
26_Fn#TCCGACACTCCTATCC	51	gastro_parietal_muscle	gastrodermis
26_Fn#TCTTCCTTGATTGGTC	48	gastro_parietal_muscle	gastrodermis
27_Fn#ACTCAGAACAAACTGA	46	gastro_parietal_muscle	gastrodermis
27_Fn#CCTATCGACCGGCTCA	46	gastro_parietal_muscle	gastrodermis
27_Fn#CCTATCGACCGGCTCA	31	gastro_parietal_muscle	gastrodermis
27_Fn#CCTTGGTACTCATGTG	46	gastro_parietal_muscle	gastrodermis
27_Fn#CTACCTCGATGGAACG	40	gastro_parietal_muscle	gastrodermis
27_Fn#CTACCTCGATGGAACG	22	gastro_parietal_muscle	gastrodermis
27_Fn#CTACCTCGATGGAACG	33	gastro_parietal_muscle	gastrodermis
27_Fn#TGCATGCCTTACAGCT	46	gastro_parietal_muscle	gastrodermis
29_Elav#TGAGGAGTGTCGCTAA	55	gastro_parietal_muscle	gastrodermis
30_Elav#CTACTCTCTCTCTGGG	51	gastro_parietal_muscle	gastrodermis
3_FixSor#CAATGCCCTCTTAGTG	51	gastro_parietal_muscle	gastrodermis
50m_PFA#TGACCCTACATTAAGG	55	gastro_parietal_muscle	gastrodermis
9_F6k#ACTTCCTCTGGTTGAG	51	gastro_parietal_muscle	gastrodermis
9_F6k#GAGCATACTTGTGGGA	51	gastro_parietal_muscle	gastrodermis
9_F6k#TACCGACCTAATCCTG	46	gastro_parietal_muscle	gastrodermis
10_F6k#ATACAGGCTATGAATG	18	gastro_unknown_1	gastrodermis_muscle_X1
12_F#TGGCGCACATCACAAC	51	gastro_unknown_1	gastrodermis
16_FC#TCGTATACTGCACGCT	18	gastro_unknown_1	gastrodermis_muscle_X1
18_Elav#CTCTTTCTGCGTTATG	18	gastro_unknown_1	gastrodermis_muscle_X1
20_Fn#TAGTGCTGACATGCGC	18	gastro_unknown_1	gastrodermis_muscle_X1
12_F#AACAAAGTCCCACGGA	51	gastro_unknown_2	gastrodermis
12_F#AGTGCCGCATTGTTCT	51	gastro_unknown_2	gastrodermis
12_F#TCACCACTCTATCCTA	51	gastro_unknown_2	gastrodermis
16_FC#TTATCGACTGCACGCT	51	gastro_unknown_2	gastrodermis
22_Fn#ATAGGGTCTCTAACGT	51	gastro_unknown_2	gastrodermis
24_Fn#TCCGAGCGAGTCTTGA	28	gastro_unknown_2	gastrodermis
25_Fn#CAATCGCCTTACACTG	51	gastro_unknown_2	gastrodermis
26_Fn#GGCGTTTCTTCGTAAC	51	gastro_unknown_2	gastrodermis
27_Fn#AATGGCTACGTTTGGT	46	gastro_unknown_2	gastrodermis
27_Fn#AATGGGTCTAAGTTAG	46	gastro_unknown_2	gastrodermis
27_Fn#CTTAGATCTAATCTGC	28	gastro_unknown_2	gastrodermis
27_Fn#GGCGTACACTGGGCAA	46	gastro_unknown_2	gastrodermis
9_F6k#CTGTAACGAGGCCTGT	45	gastro_unknown_2	gastrodermis
16_FC#GTGCAGAGAGATGGAC	10	muscle_1	muscle
18_Elav#ACTGCTAGAGAATTGA	7	muscle_1	muscle
20_Fn#AGCAGAGACCCTTTGC	7	muscle_1	muscle
23_Fn#AGACCATTGGTTAGGG	7	muscle_1	muscle
26_Fn#CAATTCGGAGTTGACT	7	muscle_1	muscle
27_Fn#CCTTACTCTTCGTCCT	7	muscle_1	muscle
30_Elav#TGATAGAGAACCAGTT	7	muscle_1	muscle
3_FixSor#CGGGACACTAATGCTC	7	muscle_1	muscle
20_Fn#CGTACAAACTTCCATT	6	muscle_2	muscle
20_Fn#CGTACAAACTTCCATT	12	muscle_2	gastrodermis_muscle_parietal_circular_prog
20_Fn#CGTACAAACTTCCATT	14	muscle_2	gastrodermis_muscle_parietal_circular_prog
20_Fn#TAGGCCTCTCACCTAA	6	muscle_2	muscle
20_Fn#TAGGCCTCTCACCTAA	15	muscle_2	gastrodermis_muscle_parietal_circular_prog
20_Fn#TCCAAAGTGTGCTGTA	6	muscle_2	muscle
20_Fn#TCCAAAGTGTGCTGTA	9	muscle_2	muscle
21_Fn#GTGCATTGATGCTTGA	6	muscle_2	muscle
21_Fn#GTGCATTGATGCTTGA	13	muscle_2	gastrodermis_muscle_parietal_circular_prog
21_Fn#TTTCTCGCTACCTTGA	6	muscle_2	muscle
10_F6k#AACCCTCACCTCATCC	57	digestive_filaments_1	digestive_filaments
10_F6k#CCGTTCTGAAGCTTGT	57	digestive_filaments_1	digestive_filaments
10_F6k#CGTGAATACGAACAGC	57	digestive_filaments_1	digestive_filaments
10_F6k#CGTGTCTACCGCCACA	57	digestive_filaments_1	digestive_filaments
10_F6k#TATTCCTGACACAGTT	57	digestive_filaments_1	digestive_filaments
11_F5k#CAGGCGACTCTCACTC	57	digestive_filaments_1	digestive_filaments
11_F5k#TTCGCCAACAAATGCA	75	digestive_filaments_1	digestive_filaments
12_F#TCCCACAGTACCAAGG	75	digestive_filaments_1	digestive_filaments
13_F#GAAGTGGTCTCGCGGA	57	digestive_filaments_1	digestive_filaments
13_F#TTAGCTTCATAAAGTG	57	digestive_filaments_1	digestive_filaments
16_FC#GTTGTTGGACGAGGTA	57	digestive_filaments_1	digestive_filaments
16_FC#TACAACCGACCCGCAA	76	digestive_filaments_1	digestive_filaments
20_Fn#ACCGGAGCTCCTGCGA	57	digestive_filaments_1	digestive_filaments
20_Fn#CTGCTAGCTTTAGCTG	57	digestive_filaments_1	digestive_filaments
20_Fn#GTACTGAACCTGATCA	57	digestive_filaments_1	digestive_filaments
20_Fn#TGTGCAATGGAAGGTC	57	digestive_filaments_1	digestive_filaments
21_Fn#AGTTTCTTGATGTGGG	57	digestive_filaments_1	digestive_filaments
21_Fn#CACATGATGCTGCGGT	57	digestive_filaments_1	digestive_filaments
21_Fn#CACCAAATGCAGGCCT	57	digestive_filaments_1	digestive_filaments
21_Fn#CGTCTTGACCTACTCC	57	digestive_filaments_1	digestive_filaments
21_Fn#CTTCCTTTGTCCCGTT	57	digestive_filaments_1	digestive_filaments
21_Fn#GCGAGAATGGCCGCTA	57	digestive_filaments_1	digestive_filaments
21_Fn#GCTTTAGGAATCCTAG	57	digestive_filaments_1	digestive_filaments
21_Fn#TAGTTGCGAGTTGTCA	57	digestive_filaments_1	digestive_filaments
22_Fn#ATAGGGTCTTGAAAGT	75	digestive_filaments_1	digestive_filaments
22_Fn#ATCTGCCTGTTGCGCG	75	digestive_filaments_1	digestive_filaments
22_Fn#TCACACAGACATCCTC	64	digestive_filaments_1	digestive_filaments
22_Fn#TTTCTGATGTCCCGTT	57	digestive_filaments_1	digestive_filaments
23_Fn#GTCAAGTACCCGGACT	57	digestive_filaments_1	digestive_filaments
24_Fn#TTGGTATCTTGTTCCC	57	digestive_filaments_1	digestive_filaments
26_Fn#CGGTCTACTTCATGTG	57	digestive_filaments_1	digestive_filaments
26_Fn#TGCTCGACTAAACTGA	57	digestive_filaments_1	digestive_filaments
26_Fn#TTCTAGTACCTCATCC	57	digestive_filaments_1	digestive_filaments
27_Fn#CTCTTTCTGACCTTGA	57	digestive_filaments_1	digestive_filaments
27_Fn#GCTACGGACAACTAGA	57	digestive_filaments_1	digestive_filaments
3_FixSor#GCGCGATACCGTTATG	76	digestive_filaments_1	digestive_filaments
3_FixSor#TCGACTCTGCTAACGT	57	digestive_filaments_1	digestive_filaments
3_FixSor#TGGGCGTACTACTTTC	75	digestive_filaments_1	digestive_filaments
3_FixSor#TTCAAGCGACCCGAGT	57	digestive_filaments_1	digestive_filaments
50m_PFA#GGTCGTTCTTAGGTTC	57	digestive_filaments_1	digestive_filaments
9_F6k#ATGATGCACGGATGGT	57	digestive_filaments_1	digestive_filaments
9_F6k#CATTCCTCTTCGTAGT	75	digestive_filaments_1	digestive_filaments
10_F6k#CGGTCTACTACCGTTA	62	digestive_filaments_2	digestive_filaments
10_F6k#GGCAACGCTGCCCTTT	56	digestive_filaments_2	digestive_filaments
10_F6k#GTAGTGGGACGGTTGC	68	digestive_filaments_2	digestive_filaments
10_F6k#GTTGAGTTGGGACAGT	56	digestive_filaments_2	digestive_filaments
10_F6k#TCCGAGTCTGTTAGGG	62	digestive_filaments_2	digestive_filaments
11_F5k#AGGAGGTTGTTTGTCT	68	digestive_filaments_2	digestive_filaments
11_F5k#CACTCTTCTACCTTGA	68	digestive_filaments_2	digestive_filaments
11_F5k#CTTTCCGGAGACTCGC	68	digestive_filaments_2	digestive_filaments
11_F5k#TCGTATACTTTGCGCG	68	digestive_filaments_2	digestive_filaments
11_F5k#TGCAGTATGGGGACTA	68	digestive_filaments_2	digestive_filaments
12_F#TATGTTCTCAGGATCT	68	digestive_filaments_2	digestive_filaments
12_F#TTCGCGTTCTTAATCC	62	digestive_filaments_2	digestive_filaments
13_F#CGCAATATCTCTTAAC	68	digestive_filaments_2	digestive_filaments
16_FC#TCGTATACTCCGGCTA	68	digestive_filaments_2	digestive_filaments
16_FC#TTCAAGTCTGGTATGG	62	digestive_filaments_2	digestive_filaments
18_Elav#AGGGACCCTTAAGCAA	75	digestive_filaments_2	digestive_filaments
20_Fn#AAACGACCTGATCCAT	68	digestive_filaments_2	digestive_filaments
20_Fn#AAAGGATACGTTAGAA	68	digestive_filaments_2	digestive_filaments
20_Fn#ACGAGGATGATCCTCC	62	digestive_filaments_2	digestive_filaments
20_Fn#AGGTCAGGAATCAGCT	58	digestive_filaments_2	digestive_filaments
20_Fn#ATGATGGCTAATCGCT	68	digestive_filaments_2	digestive_filaments
20_Fn#CATGCAAACAACGCAG	75	digestive_filaments_2	digestive_filaments
20_Fn#CCGTTACTGTAACTCG	62	digestive_filaments_2	digestive_filaments
20_Fn#CGTTTGCTGGTTTGGT	62	digestive_filaments_2	digestive_filaments
20_Fn#GGGAACCCTCCACTTC	68	digestive_filaments_2	digestive_filaments
20_Fn#TAAGCCAACTGCGTGC	62	digestive_filaments_2	digestive_filaments
20_Fn#TAGCTTTACAAGGCCA	68	digestive_filaments_2	digestive_filaments
20_Fn#TAGCTTTACAAGGCCA	63	digestive_filaments_2	digestive_filaments
20_Fn#TAGCTTTACAAGGCCA	66	digestive_filaments_2	digestive_filaments
20_Fn#TGCCGTGGAACGCCAC	62	digestive_filaments_2	digestive_filaments
21_Fn#CACTCTTCTCTCGAGC	56	digestive_filaments_2	digestive_filaments
21_Fn#GGTTCACCTAACGTAA	58	digestive_filaments_2	digestive_filaments
21_Fn#TGAGATAGAAGCAGGT	62	digestive_filaments_2	digestive_filaments
21_Fn#TGAGGTACTTGTTCCC	68	digestive_filaments_2	digestive_filaments
21_Fn#TTGTAACCTTACGTTG	68	digestive_filaments_2	digestive_filaments
22_Fn#CGACGACACAGCAAGC	56	digestive_filaments_2	digestive_filaments
22_Fn#TGCGCAGACAAGTTCC	68	digestive_filaments_2	digestive_filaments
23_Fn#AAGAACCCTGCGGTTC	68	digestive_filaments_2	digestive_filaments
24_Fn#AGGGACATGCGAGTGA	68	digestive_filaments_2	digestive_filaments
24_Fn#ATGGGTTACTGTTGTG	68	digestive_filaments_2	digestive_filaments
24_Fn#CTATAGCGAGCTGTTA	75	digestive_filaments_2	digestive_filaments
24_Fn#GGGTGAAACTAACCCA	68	digestive_filaments_2	digestive_filaments
24_Fn#TCAATCGGAACACAAA	68	digestive_filaments_2	digestive_filaments
25_Fn#CACCCATACCCACAAT	62	digestive_filaments_2	digestive_filaments
26_Fn#AGCGCCTGATAGGCGA	68	digestive_filaments_2	digestive_filaments
26_Fn#TAGCTCGCTGTTTGGT	62	digestive_filaments_2	digestive_filaments
27_Fn#CATGATGTGAACGTAA	68	digestive_filaments_2	digestive_filaments
27_Fn#GGACGAATGATCGGTT	68	digestive_filaments_2	digestive_filaments
3_FixSor#AGTCACAACTTCGTTT	68	digestive_filaments_2	digestive_filaments
3_FixSor#TACAACGTGTACCTGA	58	digestive_filaments_2	digestive_filaments
3_FixSor#TACTAACCTTACCTGA	68	digestive_filaments_2	digestive_filaments
3_FixSor#TAGTCGCCTAGCTTGT	75	digestive_filaments_2	digestive_filaments
3_FixSor#TCAAAGGCTTACACTG	62	digestive_filaments_2	digestive_filaments
3_FixSor#TCTGGCTTGTAAGTAG	68	digestive_filaments_2	digestive_filaments
50m_PFA#ACCTATGGAGTTTACG	68	digestive_filaments_2	digestive_filaments
9_F6k#AGTGACACTGCGCACT	68	digestive_filaments_2	digestive_filaments
9_F6k#AGTGACACTGCGCACT	65	digestive_filaments_2	digestive_filaments
9_F6k#ATGCCGCGACAGGTGA	68	digestive_filaments_2	digestive_filaments
9_F6k#CTTGACGCTTGAAAGT	68	digestive_filaments_2	digestive_filaments
9_F6k#TATGGTTCTCGCTCGA	68	digestive_filaments_2	digestive_filaments
9_F6k#TCTGGCTTGCATCCTC	64	digestive_filaments_2	digestive_filaments
9_F6k#TTTGGGATGACGAGCA	68	digestive_filaments_2	digestive_filaments
10_F6k#ACTCCGTACAGGTGAC	75	digestive_filaments_3	digestive_filaments
10_F6k#ACTTATCACAAAGTAC	76	digestive_filaments_3	digestive_filaments
10_F6k#CTCGGTTACCTTCAAG	59	digestive_filaments_3	digestive_filaments
10_F6k#CTCTATATGTGCGCCA	75	digestive_filaments_3	digestive_filaments
10_F6k#TCACTATTGGGTTTGT	75	digestive_filaments_3	digestive_filaments
11_F5k#CTTCTAAACAAGGTGC	59	digestive_filaments_3	digestive_filaments
11_F5k#GTTGATGACAGCTTTG	75	digestive_filaments_3	digestive_filaments
12_F#CGCGCAACAAGTTGCT	67	digestive_filaments_3	digestive_filaments
12_F#TCACTCGAGCTCGTTA	59	digestive_filaments_3	digestive_filaments
16_FC#AAGACGGTGACACCGC	60	digestive_filaments_3	digestive_filaments
16_FC#AGTGGAGTGGCACGCT	59	digestive_filaments_3	digestive_filaments
20_Fn#AGTAAGTGAACCGTGC	75	digestive_filaments_3	digestive_filaments
20_Fn#ATTACCTACGCTAATC	59	digestive_filaments_3	digestive_filaments
20_Fn#CTTTCCGGAGAATAGT	59	digestive_filaments_3	digestive_filaments
20_Fn#GGGAACCCTTTGTTTC	59	digestive_filaments_3	digestive_filaments
20_Fn#GTAATCGTGTGAACAA	59	digestive_filaments_3	digestive_filaments
20_Fn#TGCGCAGACTTCTGAG	59	digestive_filaments_3	digestive_filaments
21_Fn#CAGTAGTTGACTCGAT	62	digestive_filaments_3	digestive_filaments
22_Fn#AATTACCCTCATGCAT	62	digestive_filaments_3	digestive_filaments
22_Fn#ACTTATCTGAATCTGC	59	digestive_filaments_3	digestive_filaments
22_Fn#GCACAATACTTACGCA	59	digestive_filaments_3	digestive_filaments
22_Fn#TCGGGTCGACCAACGC	59	digestive_filaments_3	digestive_filaments
22_Fn#TTGTCGAGACCAAACT	76	digestive_filaments_3	digestive_filaments
23_Fn#AAGCGCCACGAGAGGG	59	digestive_filaments_3	digestive_filaments
23_Fn#AAGCGCCACGAGAGGG	71	digestive_filaments_3	digestive_filaments
24_Fn#ACTCGCTACTTTCTGT	72	digestive_filaments_3	digestive_filaments
24_Fn#CCTCACATGATGAATG	75	digestive_filaments_3	digestive_filaments
24_Fn#GGAACTACTAATCCGT	59	digestive_filaments_3	digestive_filaments
24_Fn#GTTGCTAGATATGACC	59	digestive_filaments_3	digestive_filaments
25m_PFA#GCATCTCTGAAGCTAA	59	digestive_filaments_3	digestive_filaments
26_Fn#CGATCAAACTGCTACA	59	digestive_filaments_3	digestive_filaments
26_Fn#GTTAGTTCTGGTGTCC	59	digestive_filaments_3	digestive_filaments
26_Fn#TGTAACGTGCGACAAG	67	digestive_filaments_3	digestive_filaments
27_Fn#AACGAGGTGGCCCTAG	67	digestive_filaments_3	digestive_filaments
27_Fn#ACCTCGTTGTTGCAGT	59	digestive_filaments_3	digestive_filaments
27_Fn#CCTACGTACCCAAGTT	59	digestive_filaments_3	digestive_filaments
27_Fn#CGACGTTCTTAATCGC	59	digestive_filaments_3	digestive_filaments
27_Fn#CTAACTGGAATGTGGG	59	digestive_filaments_3	digestive_filaments
27_Fn#GCACTCACTGCGCAAA	73	digestive_filaments_3	digestive_filaments
3_FixSor#CATTCTATGTAGCAGG	67	digestive_filaments_3	digestive_filaments
3_FixSor#CCATTGCTGAGTCGGA	72	digestive_filaments_3	digestive_filaments
3_FixSor#CGCTTCAACAAGACAT	59	digestive_filaments_3	digestive_filaments
3_FixSor#CGTCTTGACCATACTG	59	digestive_filaments_3	digestive_filaments
3_FixSor#GAGAGAAGAAGTCTAC	62	digestive_filaments_3	digestive_filaments
3_FixSor#GTTGCTAGAGTGAGCA	59	digestive_filaments_3	digestive_filaments
3_FixSor#TAGTGAAGATCATGCA	62	digestive_filaments_3	digestive_filaments
3_FixSor#TGCTGCTACATGTGGG	67	digestive_filaments_3	digestive_filaments
50m_PFA#ATCAAGCACCATCCTC	59	digestive_filaments_3	digestive_filaments
9_F6k#AACGCGAGAATCTGTG	59	digestive_filaments_3	digestive_filaments
9_F6k#ATAGGCGGATAGCGAG	67	digestive_filaments_3	digestive_filaments
Multiome_07563AAD#CTGAAACTCCTGATTT-1	59	digestive_filaments_3	digestive_filaments
16_FC#GTCTGGCGAGTTGTCA	98	precursors_1	precursors
20_Fn#AACACACACTGAGTAA	98	precursors_1	precursors
20_Fn#CACGGAAGATCTGTAG	98	precursors_1	precursors
21_Fn#AAGCCATTGGAATAGT	98	precursors_1	precursors
22_Fn#GAGGCAATGTGATGAA	98	precursors_1	precursors
23_Fn#GGGTATACTCGAGGAT	98	precursors_1	precursors
24_Fn#CATGCAAACTGGTGAG	98	precursors_1	precursors
26_Fn#AATGGTGCTAAGACAT	98	precursors_1	precursors
27_Fn#TGTACGATGGAGTAAT	98	precursors_1	precursors
27_Fn#TTGCGATGAGCTACGC	98	precursors_1	precursors
10_F6k#ATAGGAAACGCATGAG	97	precursors_2	precursors
18_Elav#CCGACTACTTAATGCC	98	precursors_2	precursors
20_Fn#TTGTTTGTGATCCGTA	97	precursors_2	precursors
21_Fn#ACTCTAGGACCTTCCA	97	precursors_2	precursors
24_Fn#GGTCGTTCTCAATGAA	98	precursors_2	precursors
28_Elav#TCATTGGGAGAAGTTA	98	precursors_2	precursors
30_Elav#CGAGAGATGTAATGCC	98	precursors_2	precursors
3_FixSor#GTAGTGGGACCTAGGC	98	precursors_2	precursors
9_F6k#CATATCACTGCTAGAG	98	precursors_2	precursors
10_F6k#GGGTATGGACGAGGAT	97	precursors_3	precursors
23_Fn#CAAGGGTGAGAATAAC	97	precursors_3	precursors
23_Fn#TAGTACCGAGAAGGCT	97	precursors_3	precursors
26_Fn#ATATTCGCTAATCCTG	97	precursors_3	precursors
27_Fn#CTCACGACTTATCTGG	97	precursors_3	precursors
27_Fn#GGGTTCTCTTTGCGCG	97	precursors_3	precursors
3_FixSor#GTCGAAGGATGCATCA	97	precursors_3	precursors
50m_PFA#TTCTTAGACCGGTTTA	97	precursors_3	precursors
9_F6k#AAATGCGCTCCGCTAG	97	precursors_3	precursors
11_F5k#GTATAGGCTAAATCGA	94	epidermis_1	epidermis
16_FC#AACACTCGATTTGTCT	84	epidermis_1	epidermis
16_FC#ACAATGCACCGATTCA	85	epidermis_1	epidermis
16_FC#ACTTGCCTGTGACTCA	85	epidermis_1	epidermis
16_FC#TACCCGTTGCCAGGCT	86	epidermis_1	epidermis
16_FC#TGTACCCTGTGCGCCA	84	epidermis_1	epidermis
18_Elav#CACATCCTGAGTCGGA	85	epidermis_1	epidermis
19_Elav#AGGAAGCACTGCTTGA	84	epidermis_1	epidermis
19_Elav#AGGCATTACATTCGGT	94	epidermis_1	epidermis
19_Elav#GTATCACGACACTCAA	85	epidermis_1	epidermis
20_Fn#ATGCCCGGACTGTACA	85	epidermis_1	epidermis
20_Fn#CGACAGCACGAAATCA	85	epidermis_1	epidermis
20_Fn#GGAAGAAGACCTTTGC	85	epidermis_1	epidermis
20_Fn#TCCCACATGGAGCCTC	85	epidermis_1	epidermis
20_Fn#TCTTCAAACCTAACGT	85	epidermis_1	epidermis
20_Fn#TTGTCAACTTACGTTG	84	epidermis_1	epidermis
21_Fn#TATCGATCTACAACAA	86	epidermis_1	epidermis
21_Fn#TATCGATCTACAACAA	78	epidermis_1	epidermis
21_Fn#TATCGATCTACAACAA	79	epidermis_1	epidermis
21_Fn#TATCGATCTACAACAA	87	epidermis_1	epidermis
21_Fn#TATCGATCTACAACAA	90	epidermis_1	epidermis
21_Fn#TTCTATGACAAACATG	85	epidermis_1	epidermis
22_Fn#ACGAGGCCTTTCTGAG	85	epidermis_1	epidermis
22_Fn#GGGTAGAACTTGCAGT	85	epidermis_1	epidermis
22_Fn#TACGTTTACTAACCCA	85	epidermis_1	epidermis
23_Fn#CTTATTGTGTTGTACG	86	epidermis_1	epidermis
23_Fn#TACCACCTGCTGCCAG	86	epidermis_1	epidermis
24_Fn#CCCGGAAACCTTGAAC	85	epidermis_1	epidermis
24_Fn#TCGCGGAACAAATGCA	85	epidermis_1	epidermis
25_Fn#CTGGTGGACTTTGTCT	85	epidermis_1	epidermis
26_Fn#TAACTCACTTGACCTA	85	epidermis_1	epidermis
26_Fn#TAGTGAAGAGAGCCTC	85	epidermis_1	epidermis
27_Fn#CTTGCGTTGTCAATGC	85	epidermis_1	epidermis
29_Elav#GTGTTGTGAAAAGTAC	86	epidermis_1	epidermis
30_Elav#ACCAATGACGCTGGCT	84	epidermis_1	epidermis
3_FixSor#ACGACGCTGACAGATA	84	epidermis_1	epidermis
3_FixSor#ATCCCGACTAGTTGAA	85	epidermis_1	epidermis
3_FixSor#TAACGAGCTGCGTATT	94	epidermis_1	epidermis
50m_PFA#ATATTCGCTCTCGAGC	86	epidermis_1	epidermis
50m_PFA#ATATTCGCTCTCGAGC	88	epidermis_1	epidermis
50m_PFA#GTTAAGAGAGGACCAA	82	epidermis_1	epidermis
50m_PFA#TACCCGTTGTGAGCAG	84	epidermis_1	epidermis
9_F6k#TTTACCATGAAGGCTG	96	epidermis_1	epidermis
Multiome_07563AAD#AGGTTAGAGGGTCTAT-1	94	epidermis_1	epidermis
Multiome_07563AAD#ATTACGTCAATTGAAG-1	85	epidermis_1	epidermis
Multiome_07563AAD#CATAATGTCTCACACC-1	94	epidermis_1	epidermis
Multiome_07563AAD#GCGAAGTAGCCTGTGA-1	94	epidermis_1	epidermis
Multiome_07563AAD#GCGCAAACAGGCCATT-1	84	epidermis_1	epidermis
Multiome_07563AAD#GGCTATGTCATGTTTC-1	94	epidermis_1	epidermis
Multiome_07563AAD#GGGTTTCCACTTAGGC-1	84	epidermis_1	epidermis
Multiome_07563AAD#TCTTCAAGTAGTTGGC-1	94	epidermis_1	epidermis
Multiome_07563AAD#TTAGAAGCACTAGCGT-1	84	epidermis_1	epidermis
10_F6k#CTAACTGGATAACTCG	83	epidermis_2	epidermis
10_F6k#CTGATTACTCACAGTT	83	epidermis_2	epidermis
10_F6k#CTGATTACTTGAGGCA	83	epidermis_2	epidermis
11_F5k#ATACAGGCTCATCCTC	83	epidermis_2	epidermis
11_F5k#GTCGAATACGGGTAGT	82	epidermis_2	epidermis
11_F5k#GTCGGCTGAGGAATAT	83	epidermis_2	epidermis
11_F5k#TACAACCGACAGTCCG	96	epidermis_2	epidermis
12_F#GGCACGTGTTGGACGA	83	epidermis_2	epidermis
12_F#GGCACGTGTTGGACGA	91	epidermis_2	epidermis
12_F#TGGACATGTTACGGAG	96	epidermis_2	epidermis
13_F#CTCAGAAAGATCGAGC	83	epidermis_2	epidermis
16_FC#GTATAGGCTCTGAGAG	83	epidermis_2	epidermis
18_Elav#ATTGTGCGATCATTGG	83	epidermis_2	epidermis
18_Elav#TGTGGTAACTCCAATG	96	epidermis_2	epidermis
19_Elav#GTACTCAGATGCAAGG	96	epidermis_2	epidermis
20_Fn#AGAACGCGACTTAAGC	83	epidermis_2	epidermis
20_Fn#GCGACAAGAAACGCAG	83	epidermis_2	epidermis
21_Fn#AGAGCAGTGCTCACGG	83	epidermis_2	epidermis
22_Fn#AAGTACCACCAATAGA	83	epidermis_2	epidermis
22_Fn#GGCTGACTGGGTGTCC	96	epidermis_2	epidermis
23_Fn#AGGAATTGATCGGGCT	96	epidermis_2	epidermis
23_Fn#GCTCGTGGAGTTTACG	96	epidermis_2	epidermis
23_Fn#GCTTCTGACATCTGTG	83	epidermis_2	epidermis
24_Fn#AGCTCTGCTCAGATTC	82	epidermis_2	epidermis
24_Fn#CTTCCTTTGAGCAAGC	83	epidermis_2	epidermis
24_Fn#CTTCCTTTGAGCAAGC	77	epidermis_2	epidermis
24_Fn#CTTCCTTTGAGCAAGC	89	epidermis_2	epidermis
24_Fn#CTTCCTTTGAGCAAGC	92	epidermis_2	epidermis
24_Fn#GGGCTTCGAAGGTGAC	82	epidermis_2	epidermis
25_Fn#TCGCTGGGATCCAGCG	94	epidermis_2	epidermis
25m_PFA#GCAAACTACCAATGAA	83	epidermis_2	epidermis
26_Fn#TGAATGCACCCGTGAC	83	epidermis_2	epidermis
3_FixSor#ATGGCTATGCGATGTT	83	epidermis_2	epidermis
3_FixSor#CCCATGTACTACAGAA	83	epidermis_2	epidermis
50m_PFA#AGGTAGCGAACTAGGG	83	epidermis_2	epidermis
50m_PFA#AGGTAGCGAACTAGGG	81	epidermis_2	epidermis
50m_PFA#ATTACCTACTTACGCA	83	epidermis_2	epidermis
50m_PFA#GGAGTTACTTGGTCCG	83	epidermis_2	epidermis
50m_PFA#GGGTCGTACAGGTAAT	83	epidermis_2	epidermis
50m_PFA#TGCACGGACCCTATCC	82	epidermis_2	epidermis
9_F6k#CAAAGAATGTGAACAA	83	epidermis_2	epidermis
9_F6k#CGATACCCTCGTTCTC	83	epidermis_2	epidermis
9_F6k#CTCCTAGTGCTAACGT	83	epidermis_2	epidermis
9_F6k#CTTGCTGACAAAGCTA	82	epidermis_2	epidermis
9_F6k#CTTGCTGACAAAGCTA	80	epidermis_2	epidermis
9_F6k#GAGTTACTGCAATAGA	83	epidermis_2	epidermis
9_F6k#GTTAGTTCTTAGCTTG	83	epidermis_2	epidermis
9_F6k#TCAACAGACACGCGAA	83	epidermis_2	epidermis
9_F6k#TCCGTTGACTTTGTCT	82	epidermis_2	epidermis
9_F6k#TCGGACTCTCAGCTGC	83	epidermis_2	epidermis
9_F6k#TCTTGAACTGGACCAA	83	epidermis_2	epidermis
9_F6k#TTGTTAGCTCTATCTT	96	epidermis_2	epidermis
Multiome_07563AAD#ACATAGCTCGTTAGCG-1	83	epidermis_2	epidermis
Multiome_07563AAD#ATCCTTAGTTAGACCA-1	96	epidermis_2	epidermis
Multiome_07563AAD#GAGAGGCGTCAACAAT-1	96	epidermis_2	epidermis
Multiome_07563AAD#TCCATAAAGCTGTAAC-1	83	epidermis_2	epidermis
16_FC#ACAGACTTGCGTAGAG	104	neuron_GATA_Islet_1	neuron_5_lwamide
16_FC#GTCTACAGAAAATCGA	108	neuron_GATA_Islet_1	neuron_7
16_FC#GTCTACAGAAAATCGA	100	neuron_GATA_Islet_1	neuron_2_precursors
16_FC#GTCTACAGAAAATCGA	119	neuron_GATA_Islet_1	neuron_14_peptidergic
16_FC#GTCTACAGAAAATCGA	121	neuron_GATA_Islet_1	neuron_15_insulin
18_Elav#ACTCCAGCTCGAGGTA	108	neuron_GATA_Islet_1	neuron_7
18_Elav#ATAGCCAACAAATGCA	108	neuron_GATA_Islet_1	neuron_7
19_Elav#AGCCTACCTACCTAGT	108	neuron_GATA_Islet_1	neuron_7
19_Elav#AGGTATAGACGACTAT	108	neuron_GATA_Islet_1	neuron_7
19_Elav#CGTGTCTTGAGTTGAA	108	neuron_GATA_Islet_1	neuron_7
19_Elav#GTCCGAGTGAACCAAA	108	neuron_GATA_Islet_1	neuron_7
19_Elav#GTCCGAGTGAACCAAA	107	neuron_GATA_Islet_1	neuron_7
19_Elav#GTGTAACTGCTGGAAG	108	neuron_GATA_Islet_1	neuron_7
19_Elav#GTGTAACTGCTGGAAG	103	neuron_GATA_Islet_1	neuron_5_lwamide
19_Elav#TACCCGGGAGTACTAC	108	neuron_GATA_Islet_1	neuron_7
19_Elav#TAGAGAAACCTCGAGC	108	neuron_GATA_Islet_1	neuron_7
20_Fn#ATAGAACGACCTGAGC	108	neuron_GATA_Islet_1	neuron_7
20_Fn#GTGTGATACCGTTATG	108	neuron_GATA_Islet_1	neuron_7
20_Fn#TAATGGGCTAGACTTC	108	neuron_GATA_Islet_1	neuron_7
21_Fn#CCTTCTACTCGCCACA	108	neuron_GATA_Islet_1	neuron_7
21_Fn#CCTTCTACTCGCCACA	106	neuron_GATA_Islet_1	neuron_6_peptidergic
21_Fn#GGTAGCCTGTTGCGCG	108	neuron_GATA_Islet_1	neuron_7
22_Fn#GTCACGCGACTTTAGG	122	neuron_GATA_Islet_1	neuron_16_peptidergic
23_Fn#CGACATCCTATCATCG	108	neuron_GATA_Islet_1	neuron_7
24_Fn#GTATTCTACCAGCACC	122	neuron_GATA_Islet_1	neuron_16_peptidergic
24_Fn#GTATTCTACCAGCACC	99	neuron_GATA_Islet_1	neuron_1
24_Fn#GTATTCTACCAGCACC	124	neuron_GATA_Islet_1	neuron_17
27_Fn#GCTATTGGAGGCCAAA	113	neuron_GATA_Islet_1	neuron_10_vasopressin
27_Fn#GCTATTGGAGGCCAAA	112	neuron_GATA_Islet_1	neuron_10_vasopressin
27_Fn#TTCCTAAACCATAGCT	108	neuron_GATA_Islet_1	neuron_7
27_Fn#TTCCTAAACCATAGCT	111	neuron_GATA_Islet_1	neuron_9
28_Elav#AAGTGACCTATCATGC	122	neuron_GATA_Islet_1	neuron_16_peptidergic
28_Elav#AAGTGACCTATCATGC	116	neuron_GATA_Islet_1	neuron_13
28_Elav#AAGTGACCTATCATGC	117	neuron_GATA_Islet_1	neuron_13
28_Elav#AAGTGACCTATCATGC	118	neuron_GATA_Islet_1	neuron_13
28_Elav#CTGACGTCTGTGGTGA	108	neuron_GATA_Islet_1	neuron_7
28_Elav#GATACCATGCATGCAT	108	neuron_GATA_Islet_1	neuron_7
28_Elav#GTAAACAGAGAAGTTA	122	neuron_GATA_Islet_1	neuron_16_peptidergic
29_Elav#CAAAGGGTGCGACACC	104	neuron_GATA_Islet_1	neuron_5_lwamide
29_Elav#GGAATGGTGTACAGAA	122	neuron_GATA_Islet_1	neuron_16_peptidergic
29_Elav#GGAATGGTGTACAGAA	123	neuron_GATA_Islet_1	neuron_16_peptidergic
29_Elav#TACGTTTACTTGTACG	108	neuron_GATA_Islet_1	neuron_7
29_Elav#TACGTTTACTTGTACG	125	neuron_GATA_Islet_1	neuron_18
29_Elav#TACGTTTACTTGTACG	127	neuron_GATA_Islet_1	neuron_19
29_Elav#TACGTTTACTTGTACG	129	neuron_GATA_Islet_1	neuron_20
29_Elav#TACGTTTACTTGTACG	131	neuron_GATA_Islet_1	neuron_22
29_Elav#TACGTTTACTTGTACG	132	neuron_GATA_Islet_1	neuron_23
29_Elav#TGCCGGAACGTACGTT	104	neuron_GATA_Islet_1	neuron_5_lwamide
29_Elav#TGTACTGGAAATCCAC	108	neuron_GATA_Islet_1	neuron_7
29_Elav#TGTACTGGAAATCCAC	105	neuron_GATA_Islet_1	neuron_6_peptidergic
29_Elav#TGTACTGGAAATCCAC	109	neuron_GATA_Islet_1	neuron_8
29_Elav#TGTACTGGAAATCCAC	110	neuron_GATA_Islet_1	neuron_8
29_Elav#TGTACTGGAAATCCAC	128	neuron_GATA_Islet_1	neuron_19
29_Elav#TGTACTGGAAATCCAC	130	neuron_GATA_Islet_1	neuron_21
29_Elav#TGTACTGGAAATCCAC	133	neuron_GATA_Islet_1	neuron_24
29_Elav#TGTACTGGAAATCCAC	134	neuron_GATA_Islet_1	neuron_25
30_Elav#CAGTGGAGATGTTCCC	122	neuron_GATA_Islet_1	neuron_16_peptidergic
30_Elav#CAGTGGAGATGTTCCC	102	neuron_GATA_Islet_1	neuron_4
30_Elav#CAGTGGAGATGTTCCC	120	neuron_GATA_Islet_1	neuron_14_peptidergic
3_FixSor#GAAAGTAACCGATTAC	108	neuron_GATA_Islet_1	neuron_7
9_F6k#TCCGCGAGATGGTGAG	104	neuron_GATA_Islet_1	neuron_5_lwamide
9_F6k#TCCGCGAGATGGTGAG	114	neuron_GATA_Islet_1	neuron_11
10_F6k#TTCGACCACTCCCAGG	108	neuron_GATA_Islet_2	neuron_7
23_Fn#TTGGTATCTCCTTCCA	108	neuron_GATA_Islet_2	neuron_7
28_Elav#ATTTCGACTGACCGAA	108	neuron_GATA_Islet_2	neuron_7
28_Elav#TAGGACTTGAGGTCCC	115	neuron_GATA_Islet_2	neuron_12
10_F6k#CACTCTGACGCATGAG	122	neuron_GATA_Islet_3	neuron_16_peptidergic
10_F6k#GAAGTATGAAGGGCTA	126	neuron_GATA_Islet_3	neuron_18
10_F6k#GGTCGCATGATGTCCA	122	neuron_GATA_Islet_3	neuron_16_peptidergic
12_F#CTCTACGGTTTAGACC	122	neuron_GATA_Islet_3	neuron_16_peptidergic
18_Elav#CTACTTTGATGCAAGG	108	neuron_GATA_Islet_3	neuron_7
19_Elav#TCGACTAGACGTTCTC	104	neuron_GATA_Islet_3	neuron_5_lwamide
19_Elav#TGTGCAATGCCACTTC	108	neuron_GATA_Islet_3	neuron_7
20_Fn#TAGAACCACCAAGGTG	122	neuron_GATA_Islet_3	neuron_16_peptidergic
21_Fn#CTTTAGGGATCATGTG	104	neuron_GATA_Islet_3	neuron_5_lwamide
22_Fn#AAGCGCCACTAGGTTC	122	neuron_GATA_Islet_3	neuron_16_peptidergic
22_Fn#CAGCTCACTGTTGGTT	122	neuron_GATA_Islet_3	neuron_16_peptidergic
22_Fn#GGAGTTACTCCATAAC	108	neuron_GATA_Islet_3	neuron_7
22_Fn#TTCTAGTACCTGGGTC	122	neuron_GATA_Islet_3	neuron_16_peptidergic
25m_PFA#GAGTTGACTGAATCTC	108	neuron_GATA_Islet_3	neuron_7
25m_PFA#TCGACTCACGCCGCTA	126	neuron_GATA_Islet_3	neuron_18
26_Fn#TTATCGACTACCATGT	104	neuron_GATA_Islet_3	neuron_5_lwamide
27_Fn#CCCTATCGACTTGTGA	104	neuron_GATA_Islet_3	neuron_5_lwamide
28_Elav#TGGGCGTACCGAGTGA	122	neuron_GATA_Islet_3	neuron_16_peptidergic
29_Elav#AGTTTCACTAGCTTTG	104	neuron_GATA_Islet_3	neuron_5_lwamide
30_Elav#AAACGACCTAGACAAT	122	neuron_GATA_Islet_3	neuron_16_peptidergic
30_Elav#AAACGACCTAGACAAT	101	neuron_GATA_Islet_3	neuron_3_motor
30_Elav#AGATGTAGATACTTTC	104	neuron_GATA_Islet_3	neuron_5_lwamide
30_Elav#ATAGAACGACGAGGTA	104	neuron_GATA_Islet_3	neuron_5_lwamide
30_Elav#TTGGTCCACGAGTGAC	104	neuron_GATA_Islet_3	neuron_5_lwamide
3_FixSor#AGTTTGCGATGTTCCC	104	neuron_GATA_Islet_3	neuron_5_lwamide
3_FixSor#GGCGTTTCTGCCAGCT	104	neuron_GATA_Islet_3	neuron_5_lwamide
3_FixSor#TGTAACGTGAGTCTAC	126	neuron_GATA_Islet_3	neuron_18
50m_PFA#AGTTCACGAAGGTGCA	122	neuron_GATA_Islet_3	neuron_16_peptidergic
50m_PFA#CCTTACTCTAAACTGA	108	neuron_GATA_Islet_3	neuron_7
50m_PFA#CGGAATTTGCTCGAGC	108	neuron_GATA_Islet_3	neuron_7
50m_PFA#TCCTTGGTGAGCCTAT	122	neuron_GATA_Islet_3	neuron_16_peptidergic
9_F6k#GCTCATAGAATCTGTG	104	neuron_GATA_Islet_3	neuron_5_lwamide
Multiome_07563AAD#GCCTACTTCCGCCTCA-1	104	neuron_GATA_Islet_3	neuron_5_lwamide
10_F6k#CCATCCATGCGGTACC	144	neuron_Pou4_FoxL2_1	neuron_34
10_F6k#CCATCCATGCGGTACC	138	neuron_Pou4_FoxL2_1	neuron_29
10_F6k#CCATCCATGCGGTACC	145	neuron_Pou4_FoxL2_1	neuron_34
10_F6k#CCATCCATGCGGTACC	146	neuron_Pou4_FoxL2_1	neuron_34
10_F6k#CCATCCATGCGGTACC	148	neuron_Pou4_FoxL2_1	neuron_36_peptidergic
10_F6k#CCATCCATGCGGTACC	149	neuron_Pou4_FoxL2_1	neuron_36_peptidergic
10_F6k#GGGAGCTCTATCCTAG	137	neuron_Pou4_FoxL2_1	neuron_28_motor
10_F6k#TTCCCTGGACAGCTGC	143	neuron_Pou4_FoxL2_1	neuron_33
11_F5k#GATCTGCCTTACACTG	137	neuron_Pou4_FoxL2_1	neuron_28_motor
12_F#TCCAGAACAATTCGTG	144	neuron_Pou4_FoxL2_1	neuron_34
12_F#TCCAGAACAATTCGTG	150	neuron_Pou4_FoxL2_1	neuron_36_peptidergic
13_F#ACTAGGTTCTTAATCC	137	neuron_Pou4_FoxL2_1	neuron_28_motor
16_FC#CAATGTGACCGATTGT	137	neuron_Pou4_FoxL2_1	neuron_28_motor
16_FC#GCGTATATGCTTGTGA	137	neuron_Pou4_FoxL2_1	neuron_28_motor
20_Fn#CCTACTGTGAGGACAC	144	neuron_Pou4_FoxL2_1	neuron_34
20_Fn#CCTTGGTACGAACATA	144	neuron_Pou4_FoxL2_1	neuron_34
20_Fn#GAAGTATGACGGCACT	144	neuron_Pou4_FoxL2_1	neuron_34
20_Fn#TATGCTTTGACCTGCG	137	neuron_Pou4_FoxL2_1	neuron_28_motor
20_Fn#TGGTAAGCTAAGCTAA	137	neuron_Pou4_FoxL2_1	neuron_28_motor
21_Fn#CAGAAACCTCAATAGA	137	neuron_Pou4_FoxL2_1	neuron_28_motor
21_Fn#TTAGCCAGAGTTAGGG	137	neuron_Pou4_FoxL2_1	neuron_28_motor
22_Fn#ATCGAGTTGAATCTGC	137	neuron_Pou4_FoxL2_1	neuron_28_motor
22_Fn#CCTTCCAGACGGAATG	137	neuron_Pou4_FoxL2_1	neuron_28_motor
22_Fn#GGAGTTACTACTAGTC	144	neuron_Pou4_FoxL2_1	neuron_34
22_Fn#TTCGTCCGAACTCGAT	144	neuron_Pou4_FoxL2_1	neuron_34
23_Fn#ACGATAGCTCCAAGTT	144	neuron_Pou4_FoxL2_1	neuron_34
23_Fn#AGAGACCGAGCCCTAG	144	neuron_Pou4_FoxL2_1	neuron_34
23_Fn#CAGACTCCTCCACATA	137	neuron_Pou4_FoxL2_1	neuron_28_motor
23_Fn#CATTACTTGCCCGCAA	144	neuron_Pou4_FoxL2_1	neuron_34
23_Fn#CGCTGAGTGTTCTGGA	137	neuron_Pou4_FoxL2_1	neuron_28_motor
23_Fn#GAGGTCCTGTAATAGG	137	neuron_Pou4_FoxL2_1	neuron_28_motor
23_Fn#TCTTTAGACAATAGCA	144	neuron_Pou4_FoxL2_1	neuron_34
24_Fn#AGTGGTACTCGATTGT	137	neuron_Pou4_FoxL2_1	neuron_28_motor
24_Fn#CAATCAGACCGTTCTC	137	neuron_Pou4_FoxL2_1	neuron_28_motor
24_Fn#CTGCGAGTGCGACAAG	144	neuron_Pou4_FoxL2_1	neuron_34
24_Fn#GGAAGCCCTACCGTTA	137	neuron_Pou4_FoxL2_1	neuron_28_motor
24_Fn#GGTGCGTTGCAAGGTG	137	neuron_Pou4_FoxL2_1	neuron_28_motor
24_Fn#TGCTGAAACGGTATGG	144	neuron_Pou4_FoxL2_1	neuron_34
26_Fn#GTAATCGTGAATCTGC	137	neuron_Pou4_FoxL2_1	neuron_28_motor
27_Fn#TGCCGTGGACGATTCA	137	neuron_Pou4_FoxL2_1	neuron_28_motor
28_Elav#TTTAGGGACGTTAGAA	137	neuron_Pou4_FoxL2_1	neuron_28_motor
29_Elav#CCTGTTGACATCCTAG	144	neuron_Pou4_FoxL2_1	neuron_34
30_Elav#GGCTCAGACAATCGCT	137	neuron_Pou4_FoxL2_1	neuron_28_motor
30_Elav#TGGATTGACGAATCTC	144	neuron_Pou4_FoxL2_1	neuron_34
3_FixSor#ATCGGCGTGCTTTAGG	144	neuron_Pou4_FoxL2_1	neuron_34
3_FixSor#TCAACATCTTAATCGC	137	neuron_Pou4_FoxL2_1	neuron_28_motor
3_FixSor#TGCGTCTACAGGTGCA	144	neuron_Pou4_FoxL2_1	neuron_34
3_FixSor#TGCGTCTACAGGTGCA	147	neuron_Pou4_FoxL2_1	neuron_35
9_F6k#CATCAGTGAAAGTCTC	144	neuron_Pou4_FoxL2_1	neuron_34
9_F6k#TCGCGGAACGCGCAAA	137	neuron_Pou4_FoxL2_1	neuron_28_motor
Multiome_07563AAD#AAACCGGCAGTGAACG-1	137	neuron_Pou4_FoxL2_1	neuron_28_motor
Multiome_07563AAD#CGGATTAGTAGGTGTC-1	137	neuron_Pou4_FoxL2_1	neuron_28_motor
Multiome_07563AAD#GCGAAGCCAGGCATCT-1	137	neuron_Pou4_FoxL2_1	neuron_28_motor
Multiome_07563AAD#TAAGCCTAGATGGACA-1	137	neuron_Pou4_FoxL2_1	neuron_28_motor
Multiome_07563AAD#TAGTTGTCACAACAAA-1	144	neuron_Pou4_FoxL2_1	neuron_34
10_F6k#CAATCGCCTTAGGTTC	135	neuron_Pou4_FoxL2_2	neuron_28_motor
10_F6k#CCACTAAGAGTCCCGA	135	neuron_Pou4_FoxL2_2	neuron_28_motor
10_F6k#CCTTGGTACATCCTTT	135	neuron_Pou4_FoxL2_2	neuron_28_motor
10_F6k#CTGCCTTGACTCACGG	135	neuron_Pou4_FoxL2_2	neuron_28_motor
10_F6k#GGTCTAAACGTACTAC	135	neuron_Pou4_FoxL2_2	neuron_28_motor
10_F6k#TAAGGCTTGCTCGATA	135	neuron_Pou4_FoxL2_2	neuron_28_motor
10_F6k#TCAGCCGGATTAGCTG	135	neuron_Pou4_FoxL2_2	neuron_28_motor
10_F6k#TCCGCCTCTGACACCC	135	neuron_Pou4_FoxL2_2	neuron_28_motor
11_F5k#AAGCGCCACATCAGCT	135	neuron_Pou4_FoxL2_2	neuron_28_motor
11_F5k#CAAGGGAACACAGGTG	141	neuron_Pou4_FoxL2_2	neuron_31
11_F5k#GCTACTGCTTAGGTTC	135	neuron_Pou4_FoxL2_2	neuron_28_motor
12_F#GTGACATTCGCAGATT	136	neuron_Pou4_FoxL2_2	neuron_28_motor
13_F#CTCTACGTCCGTGCGA	135	neuron_Pou4_FoxL2_2	neuron_28_motor
18_Elav#TACTAACCTGCTACGC	135	neuron_Pou4_FoxL2_2	neuron_28_motor
19_Elav#GCACAATACCAGACCC	136	neuron_Pou4_FoxL2_2	neuron_28_motor
20_Fn#CATTGCGCTATGTCCA	136	neuron_Pou4_FoxL2_2	neuron_28_motor
20_Fn#GCTCGTGGAGCTAATC	135	neuron_Pou4_FoxL2_2	neuron_28_motor
21_Fn#CATTACTTGGGACAGT	135	neuron_Pou4_FoxL2_2	neuron_28_motor
21_Fn#CATTACTTGGGACAGT	140	neuron_Pou4_FoxL2_2	neuron_30_peptidergic
21_Fn#TCCTACCGACCAGAGA	135	neuron_Pou4_FoxL2_2	neuron_28_motor
21_Fn#TGCGAATACCGTTAGT	135	neuron_Pou4_FoxL2_2	neuron_28_motor
22_Fn#CCCTGAACTATTCGGT	135	neuron_Pou4_FoxL2_2	neuron_28_motor
22_Fn#TTTCGTAACAGCAAGC	135	neuron_Pou4_FoxL2_2	neuron_28_motor
23_Fn#AAGTCTTCTGTTGGTT	136	neuron_Pou4_FoxL2_2	neuron_28_motor
24_Fn#CATTAGTCTCTTAAGC	135	neuron_Pou4_FoxL2_2	neuron_28_motor
24_Fn#CCAACGGTGAATCGCT	136	neuron_Pou4_FoxL2_2	neuron_28_motor
24_Fn#TACATTGCTACAACAA	135	neuron_Pou4_FoxL2_2	neuron_28_motor
25m_PFA#TGGAACACTAGCAGGT	135	neuron_Pou4_FoxL2_2	neuron_28_motor
26_Fn#CCCAGGATGGGGATTG	135	neuron_Pou4_FoxL2_2	neuron_28_motor
26_Fn#TGGAACACTGAACGTG	135	neuron_Pou4_FoxL2_2	neuron_28_motor
26_Fn#TGGAACACTGAACGTG	139	neuron_Pou4_FoxL2_2	neuron_30_peptidergic
29_Elav#TTTCGTAACTCTGCAA	135	neuron_Pou4_FoxL2_2	neuron_28_motor
30_Elav#TAGGATAGATTGACAC	135	neuron_Pou4_FoxL2_2	neuron_28_motor
3_FixSor#AGTCCTGCTCTCACTC	135	neuron_Pou4_FoxL2_2	neuron_28_motor
3_FixSor#CCAGGCAACTCCGTAA	135	neuron_Pou4_FoxL2_2	neuron_28_motor
3_FixSor#CCGCTAACTGGACACA	135	neuron_Pou4_FoxL2_2	neuron_28_motor
3_FixSor#CGTGGAAGATGTGCTA	135	neuron_Pou4_FoxL2_2	neuron_28_motor
3_FixSor#TCAGCCGGAACCTAGT	135	neuron_Pou4_FoxL2_2	neuron_28_motor
3_FixSor#TTGTACTACACCAAGG	135	neuron_Pou4_FoxL2_2	neuron_28_motor
50m_PFA#AAGAATGTGACCAAGG	135	neuron_Pou4_FoxL2_2	neuron_28_motor
9_F6k#AAGTGGCGAGTTAGGG	135	neuron_Pou4_FoxL2_2	neuron_28_motor
9_F6k#ATTCCTAACTCGAGAG	135	neuron_Pou4_FoxL2_2	neuron_28_motor
9_F6k#CCTGATCACATCCGTA	135	neuron_Pou4_FoxL2_2	neuron_28_motor
9_F6k#CGATGATTGTAACGAA	135	neuron_Pou4_FoxL2_2	neuron_28_motor
9_F6k#GTCACAAACCTTAAGC	135	neuron_Pou4_FoxL2_2	neuron_28_motor
Multiome_07563AAD#GGTTGCATCAAGCGCC-1	135	neuron_Pou4_FoxL2_2	neuron_28_motor
11_F5k#AACGCGCTGACCGTGC	154	gland	gland_4
11_F5k#AACGCGCTGACCGTGC	153	gland	gland_2
11_F5k#AGTACGACTCACTCAA	152	gland	gland_1
11_F5k#GAGCGATGATATTGCG	155	gland	gland_4
12_F#GACCAATAGTTAGAGT	155	gland	gland_4
16_FC#TTACTGGGACGAGTGA	156	gland	gland_4
20_Fn#AACTACGACCAACGCC	155	gland	gland_4
20_Fn#AACTACGACCAACGCC	157	gland	gland_4
20_Fn#AACTACGACCAACGCC	174	gland	gland_19
20_Fn#GCGTGCTGATCTATCT	181	gland	gland_27
20_Fn#GGATACTACACCAGTT	155	gland	gland_4
20_Fn#GGATACTACACCAGTT	160	gland	gland_9
20_Fn#TAGAGAAACACAGGTG	154	gland	gland_4
20_Fn#TTCCTACCTAACCCGC	155	gland	gland_4
22_Fn#CCGTCTATGTACAGCT	154	gland	gland_4
22_Fn#CTCAATTTGCTGATCA	171	gland	gland_17
22_Fn#CTCAATTTGCTGATCA	161	gland	gland_9
22_Fn#CTCAATTTGCTGATCA	162	gland	gland_10
22_Fn#CTCAATTTGCTGATCA	163	gland	gland_13
22_Fn#CTCAATTTGCTGATCA	164	gland	gland_13
22_Fn#CTCAATTTGCTGATCA	165	gland	gland_14
22_Fn#CTCAATTTGCTGATCA	166	gland	gland_15
22_Fn#CTCAATTTGCTGATCA	167	gland	gland_16
22_Fn#CTCAATTTGCTGATCA	169	gland	gland_16
22_Fn#CTCAATTTGCTGATCA	172	gland	gland_17
22_Fn#CTCAATTTGCTGATCA	173	gland	gland_18
22_Fn#CTCAATTTGCTGATCA	175	gland	gland_20
22_Fn#CTCAATTTGCTGATCA	176	gland	gland_21
22_Fn#CTCAATTTGCTGATCA	177	gland	gland_22
22_Fn#CTCAATTTGCTGATCA	178	gland	gland_23
22_Fn#CTCAATTTGCTGATCA	179	gland	gland_24
23_Fn#ACTTATCACGCCCAAC	156	gland	gland_4
24_Fn#AAACTCCGACGTGCAC	159	gland	gland_9
24_Fn#AAACTCCGACGTGCAC	151	gland	gland_1
25m_PFA#AGTGCATTGCCAGGCT	171	gland	gland_17
26_Fn#CAGTCCGGATTACGCA	155	gland	gland_4
26_Fn#CGTGTCTACACCATGT	180	gland	gland_26
27_Fn#ACCTCCATGGGTGCAA	181	gland	gland_27
29_Elav#CCTATCCGACGGTACC	180	gland	gland_26
29_Elav#TAAGCTGTGGTTAGAA	181	gland	gland_27
3_FixSor#AGCCAATTGCGTGCAC	155	gland	gland_4
3_FixSor#AGTTCACGACCACAAT	155	gland	gland_4
3_FixSor#CGATATTCTGCACCCA	180	gland	gland_26
9_F6k#GCCGTTTACAACGAAT	180	gland	gland_26
9_F6k#TCCTGTGACAAGTTCC	155	gland	gland_4
Multiome_07563AAD#GGGAATATCACTAGGT-1	171	gland	gland_17
Multiome_07563AAD#TATCGAGGTCATCATC-1	171	gland	gland_17
