motif_ID	motif_ALT_ID	seq_ID	site_Start	site_End	site_Strand	site_Score	site_Sequence
1-AGCGTGAC	STREME-1	NC_064039.1	6673935	6673942	+	13.97	AGCGTGAC
1-AGCGTGAC	STREME-1	NC_064044.1	15955796	15955803	+	13.97	AGCGTGAC
1-AGCGTGAC	STREME-1	NC_064035.1	3377377	3377384	-	13.97	AGCGTGAC
1-AGCGTGAC	STREME-1	NC_064045.1	9742167	9742174	-	13.97	AGCGTGAC
1-AGCGTGAC	STREME-1	NC_064035.1	4874096	4874103	-	13.97	AGCGTGAC
1-AGCGTGAC	STREME-1	NC_064035.1	8257896	8257903	-	13.97	AGCGTGAC
1-AGCGTGAC	STREME-1	NC_064047.1	8497666	8497673	+	13.97	AGCGTGAC
1-AGCGTGAC	STREME-1	NC_064035.1	5768642	5768649	+	13.97	AGCGTGAC
1-AGCGTGAC	STREME-1	NC_064041.1	7635256	7635263	+	13.97	AGCGTGAC
1-AGCGTGAC	STREME-1	NC_064041.1	7635351	7635358	+	13.97	AGCGTGAC
1-AGCGTGAC	STREME-1	NC_064040.1	8759039	8759046	+	13.97	AGCGTGAC
1-AGCGTGAC	STREME-1	NC_064046.1	4694020	4694027	+	13.97	AGCGTGAC
1-AGCGTGAC	STREME-1	NC_064034.1	8047359	8047366	+	13.97	AGCGTGAC
1-AGCGTGAC	STREME-1	NC_064043.1	12564312	12564319	-	13.97	AGCGTGAC
1-AGCGTGAC	STREME-1	NC_064036.1	13254104	13254111	-	13.97	AGCGTGAC
1-AGCGTGAC	STREME-1	NC_064041.1	2338738	2338745	+	13.97	AGCGTGAC
1-AGCGTGAC	STREME-1	NC_064042.1	14816633	14816640	+	13.97	AGCGTGAC
1-AGCGTGAC	STREME-1	NC_064048.1	1439829	1439836	-	13.97	AGCGTGAC
1-AGCGTGAC	STREME-1	NC_064035.1	20350335	20350342	-	13.97	AGCGTGAC
1-AGCGTGAC	STREME-1	NC_064041.1	5754623	5754630	+	13.97	AGCGTGAC
1-AGCGTGAC	STREME-1	NC_064045.1	13625455	13625462	-	13.97	AGCGTGAC
1-AGCGTGAC	STREME-1	NC_064045.1	13625481	13625488	-	13.97	AGCGTGAC
1-AGCGTGAC	STREME-1	NC_064035.1	8257896	8257903	-	13.97	AGCGTGAC
1-AGCGTGAC	STREME-1	NC_064045.1	15149800	15149807	+	13.97	AGCGTGAC
1-AGCGTGAC	STREME-1	NC_064045.1	15149826	15149833	+	13.97	AGCGTGAC
1-AGCGTGAC	STREME-1	NC_064034.1	6470186	6470193	-	13.97	AGCGTGAC
1-AGCGTGAC	STREME-1	NC_064034.1	6470223	6470230	-	13.97	AGCGTGAC
1-AGCGTGAC	STREME-1	NC_064034.1	6470250	6470257	-	13.97	AGCGTGAC
1-AGCGTGAC	STREME-1	NC_064036.1	13823798	13823805	-	13.97	AGCGTGAC
1-AGCGTGAC	STREME-1	NC_064048.1	1731542	1731549	+	13.97	AGCGTGAC
1-AGCGTGAC	STREME-1	NC_064040.1	8183880	8183887	-	13.97	AGCGTGAC
1-AGCGTGAC	STREME-1	NC_064039.1	11326857	11326864	-	13.97	AGCGTGAC
1-AGCGTGAC	STREME-1	NC_064035.1	12849749	12849756	-	13.97	AGCGTGAC
1-AGCGTGAC	STREME-1	NC_064037.1	6431246	6431253	-	13.97	AGCGTGAC
1-AGCGTGAC	STREME-1	NC_064036.1	11469210	11469217	+	13.97	AGCGTGAC
1-AGCGTGAC	STREME-1	NC_064036.1	11469254	11469261	+	13.97	AGCGTGAC
1-AGCGTGAC	STREME-1	NC_064045.1	11712065	11712072	+	12.79	ACCGTGAC
1-AGCGTGAC	STREME-1	NC_064042.1	158573	158580	+	12.79	ACCGTGAC
1-AGCGTGAC	STREME-1	NC_064034.1	19947305	19947312	+	12.79	ACCGTGAC
1-AGCGTGAC	STREME-1	NC_064035.1	14831233	14831240	-	12.79	ACCGTGAC
1-AGCGTGAC	STREME-1	NC_064035.1	5768761	5768768	+	12.79	ACCGTGAC
1-AGCGTGAC	STREME-1	NC_064039.1	9606783	9606790	+	12.79	ACCGTGAC
1-AGCGTGAC	STREME-1	NC_064043.1	2618835	2618842	-	12.79	ACCGTGAC
1-AGCGTGAC	STREME-1	NC_064046.1	10202806	10202813	+	12.79	ACCGTGAC
1-AGCGTGAC	STREME-1	NC_064037.1	11417258	11417265	-	12.79	ACCGTGAC
1-AGCGTGAC	STREME-1	NC_064035.1	19276058	19276065	-	12.79	ACCGTGAC
1-AGCGTGAC	STREME-1	NC_064034.1	19966979	19966986	+	12.79	ACCGTGAC
1-AGCGTGAC	STREME-1	NC_064036.1	16286486	16286493	-	12.79	ACCGTGAC
1-AGCGTGAC	STREME-1	NC_064042.1	7373503	7373510	-	12.79	ACCGTGAC
1-AGCGTGAC	STREME-1	NC_064040.1	5464093	5464100	+	12.79	ACCGTGAC
1-AGCGTGAC	STREME-1	NC_064042.1	14975027	14975034	+	12.79	ACCGTGAC
1-AGCGTGAC	STREME-1	NC_064037.1	16851912	16851919	-	12.79	ACCGTGAC
1-AGCGTGAC	STREME-1	NC_064039.1	3055118	3055125	+	12.74	TGCGTGAC
1-AGCGTGAC	STREME-1	NC_064041.1	9459950	9459957	-	12.74	TGCGTGAC
1-AGCGTGAC	STREME-1	NC_064041.1	9459998	9460005	-	12.74	TGCGTGAC
1-AGCGTGAC	STREME-1	NC_064041.1	9460108	9460115	-	12.74	TGCGTGAC
1-AGCGTGAC	STREME-1	NC_064045.1	10195806	10195813	-	12.74	TGCGTGAC
1-AGCGTGAC	STREME-1	NC_064034.1	7846114	7846121	-	12.74	TGCGTGAC
1-AGCGTGAC	STREME-1	NC_064042.1	158501	158508	+	12.74	TGCGTGAC
1-AGCGTGAC	STREME-1	NC_064047.1	2439756	2439763	-	12.74	TGCGTGAC
1-AGCGTGAC	STREME-1	NC_064048.1	4622793	4622800	+	12.74	TGCGTGAC
1-AGCGTGAC	STREME-1	NC_064036.1	15924292	15924299	+	12.74	TGCGTGAC
1-AGCGTGAC	STREME-1	NC_064035.1	3377360	3377367	+	12.74	TGCGTGAC
1-AGCGTGAC	STREME-1	NC_064041.1	5769946	5769953	-	12.74	TGCGTGAC
1-AGCGTGAC	STREME-1	NC_064042.1	7387882	7387889	+	12.74	TGCGTGAC
1-AGCGTGAC	STREME-1	NC_064042.1	7387894	7387901	+	12.74	TGCGTGAC
1-AGCGTGAC	STREME-1	NC_064042.1	7387926	7387933	+	12.74	TGCGTGAC
1-AGCGTGAC	STREME-1	NC_064044.1	2072363	2072370	+	12.74	TGCGTGAC
1-AGCGTGAC	STREME-1	NC_064044.1	2072390	2072397	+	12.74	TGCGTGAC
1-AGCGTGAC	STREME-1	NC_064045.1	9742140	9742147	+	12.74	TGCGTGAC
1-AGCGTGAC	STREME-1	NC_064038.1	3927246	3927253	+	12.74	TGCGTGAC
1-AGCGTGAC	STREME-1	NC_064042.1	377014	377021	+	12.74	TGCGTGAC
1-AGCGTGAC	STREME-1	NC_064042.1	10338065	10338072	-	12.74	TGCGTGAC
1-AGCGTGAC	STREME-1	NC_064042.1	10338194	10338201	-	12.74	TGCGTGAC
1-AGCGTGAC	STREME-1	NC_064043.1	6118427	6118434	-	12.74	TGCGTGAC
1-AGCGTGAC	STREME-1	NC_064035.1	8257907	8257914	+	12.74	TGCGTGAC
1-AGCGTGAC	STREME-1	NC_064047.1	11407701	11407708	+	12.74	TGCGTGAC
1-AGCGTGAC	STREME-1	NC_064043.1	11444024	11444031	+	12.74	TGCGTGAC
1-AGCGTGAC	STREME-1	NC_064043.1	11444067	11444074	+	12.74	TGCGTGAC
1-AGCGTGAC	STREME-1	NC_064045.1	4432009	4432016	-	12.74	TGCGTGAC
1-AGCGTGAC	STREME-1	NC_064040.1	7151602	7151609	-	12.74	TGCGTGAC
1-AGCGTGAC	STREME-1	NC_064045.1	12356684	12356691	+	12.74	TGCGTGAC
1-AGCGTGAC	STREME-1	NC_064048.1	4704496	4704503	-	12.74	TGCGTGAC
1-AGCGTGAC	STREME-1	NC_064036.1	6560723	6560730	+	12.74	TGCGTGAC
1-AGCGTGAC	STREME-1	NC_064036.1	8225030	8225037	+	12.74	TGCGTGAC
1-AGCGTGAC	STREME-1	NC_064046.1	10202735	10202742	+	12.74	TGCGTGAC
1-AGCGTGAC	STREME-1	NC_064046.1	10202815	10202822	-	12.74	TGCGTGAC
1-AGCGTGAC	STREME-1	NC_064035.1	4891126	4891133	-	12.74	TGCGTGAC
1-AGCGTGAC	STREME-1	NC_064044.1	15773009	15773016	+	12.74	TGCGTGAC
1-AGCGTGAC	STREME-1	NC_064041.1	5754763	5754770	+	12.74	TGCGTGAC
1-AGCGTGAC	STREME-1	NC_064046.1	1888821	1888828	+	12.74	TGCGTGAC
1-AGCGTGAC	STREME-1	NC_064046.1	1888864	1888871	+	12.74	TGCGTGAC
1-AGCGTGAC	STREME-1	NC_064046.1	1888929	1888936	+	12.74	TGCGTGAC
1-AGCGTGAC	STREME-1	NC_064042.1	524548	524555	-	12.74	TGCGTGAC
1-AGCGTGAC	STREME-1	NC_064043.1	11855291	11855298	+	12.74	TGCGTGAC
1-AGCGTGAC	STREME-1	NC_064047.1	9741354	9741361	+	12.74	TGCGTGAC
1-AGCGTGAC	STREME-1	NC_064040.1	11926678	11926685	-	12.74	TGCGTGAC
1-AGCGTGAC	STREME-1	NC_064045.1	13625429	13625436	-	12.74	TGCGTGAC
1-AGCGTGAC	STREME-1	NC_064035.1	8257699	8257706	+	12.74	TGCGTGAC
1-AGCGTGAC	STREME-1	NC_064035.1	8257713	8257720	+	12.74	TGCGTGAC
1-AGCGTGAC	STREME-1	NC_064035.1	8257820	8257827	+	12.74	TGCGTGAC
1-AGCGTGAC	STREME-1	NC_064035.1	8257907	8257914	+	12.74	TGCGTGAC
1-AGCGTGAC	STREME-1	NC_064034.1	9237795	9237802	-	12.74	TGCGTGAC
1-AGCGTGAC	STREME-1	NC_064034.1	9237864	9237871	+	12.74	TGCGTGAC
1-AGCGTGAC	STREME-1	NC_064038.1	13435238	13435245	-	12.74	TGCGTGAC
1-AGCGTGAC	STREME-1	NC_064038.1	10776509	10776516	+	12.74	TGCGTGAC
1-AGCGTGAC	STREME-1	NC_064042.1	7718650	7718657	+	12.74	TGCGTGAC
1-AGCGTGAC	STREME-1	NC_064046.1	3859608	3859615	-	12.74	TGCGTGAC
1-AGCGTGAC	STREME-1	NC_064037.1	11416411	11416418	+	12.74	TGCGTGAC
1-AGCGTGAC	STREME-1	NC_064034.1	11367115	11367122	-	12.74	TGCGTGAC
1-AGCGTGAC	STREME-1	NC_064046.1	1307220	1307227	-	12.74	TGCGTGAC
1-AGCGTGAC	STREME-1	NC_064046.1	1307293	1307300	-	12.74	TGCGTGAC
1-AGCGTGAC	STREME-1	NC_064046.1	1307383	1307390	-	12.74	TGCGTGAC
1-AGCGTGAC	STREME-1	NC_064036.1	2250507	2250514	+	12.74	TGCGTGAC
1-AGCGTGAC	STREME-1	NC_064036.1	853418	853425	+	12.74	TGCGTGAC
1-AGCGTGAC	STREME-1	NC_064036.1	853450	853457	+	12.74	TGCGTGAC
1-AGCGTGAC	STREME-1	NC_064036.1	853482	853489	+	12.74	TGCGTGAC
1-AGCGTGAC	STREME-1	NC_064036.1	853498	853505	+	12.74	TGCGTGAC
1-AGCGTGAC	STREME-1	NC_064037.1	1856332	1856339	+	12.74	TGCGTGAC
1-AGCGTGAC	STREME-1	NC_064037.1	16851901	16851908	-	12.74	TGCGTGAC
1-AGCGTGAC	STREME-1	NC_064044.1	6478514	6478521	-	12.74	TGCGTGAC
1-AGCGTGAC	STREME-1	NC_064039.1	11326872	11326879	+	12.74	TGCGTGAC
1-AGCGTGAC	STREME-1	NC_064034.1	3432682	3432689	-	12.74	TGCGTGAC
1-AGCGTGAC	STREME-1	NC_064048.1	4024599	4024606	+	12.74	TGCGTGAC
1-AGCGTGAC	STREME-1	NC_064037.1	6431201	6431208	-	12.74	TGCGTGAC
1-AGCGTGAC	STREME-1	NC_064037.1	6431222	6431229	+	12.74	TGCGTGAC
1-AGCGTGAC	STREME-1	NC_064041.1	1713208	1713215	-	12.74	TGCGTGAC
1-AGCGTGAC	STREME-1	NC_064047.1	9741565	9741572	+	12.74	TGCGTGAC
1-AGCGTGAC	STREME-1	NC_064047.1	9741628	9741635	+	12.74	TGCGTGAC
1-AGCGTGAC	STREME-1	NC_064046.1	10582941	10582948	+	12.35	GGCGTGAC
1-AGCGTGAC	STREME-1	NC_064046.1	10582965	10582972	+	12.35	GGCGTGAC
1-AGCGTGAC	STREME-1	NC_064041.1	9459934	9459941	-	12.35	GGCGTGAC
1-AGCGTGAC	STREME-1	NC_064036.1	3927105	3927112	+	12.35	GGCGTGAC
1-AGCGTGAC	STREME-1	NC_064042.1	2424262	2424269	+	12.35	GGCGTGAC
1-AGCGTGAC	STREME-1	NC_064047.1	11407803	11407810	+	12.35	GGCGTGAC
1-AGCGTGAC	STREME-1	NC_064035.1	14858129	14858136	+	12.35	GGCGTGAC
1-AGCGTGAC	STREME-1	NC_064035.1	16362722	16362729	+	12.35	GGCGTGAC
1-AGCGTGAC	STREME-1	NC_064039.1	3433483	3433490	-	12.35	GGCGTGAC
1-AGCGTGAC	STREME-1	NC_064046.1	10202701	10202708	-	12.35	GGCGTGAC
1-AGCGTGAC	STREME-1	NC_064046.1	10222143	10222150	-	12.35	GGCGTGAC
1-AGCGTGAC	STREME-1	NC_064046.1	10222164	10222171	-	12.35	GGCGTGAC
1-AGCGTGAC	STREME-1	NC_064046.1	10222188	10222195	-	12.35	GGCGTGAC
1-AGCGTGAC	STREME-1	NC_064046.1	10222251	10222258	-	12.35	GGCGTGAC
1-AGCGTGAC	STREME-1	NC_064046.1	10222293	10222300	-	12.35	GGCGTGAC
1-AGCGTGAC	STREME-1	NC_064036.1	13254086	13254093	-	12.35	GGCGTGAC
1-AGCGTGAC	STREME-1	NC_064036.1	13254095	13254102	-	12.35	GGCGTGAC
1-AGCGTGAC	STREME-1	NC_064036.1	13254128	13254135	+	12.35	GGCGTGAC
1-AGCGTGAC	STREME-1	NC_064039.1	10271431	10271438	+	12.35	GGCGTGAC
1-AGCGTGAC	STREME-1	NC_064043.1	13121078	13121085	+	12.35	GGCGTGAC
1-AGCGTGAC	STREME-1	NC_064046.1	1307245	1307252	+	12.35	GGCGTGAC
1-AGCGTGAC	STREME-1	NC_064035.1	10769676	10769683	-	12.13	AGCGTGAG
1-AGCGTGAC	STREME-1	NC_064038.1	12426255	12426262	-	12.13	AGCGTGAG
1-AGCGTGAC	STREME-1	NC_064038.1	6613309	6613316	-	12.13	AGCGTGAG
1-AGCGTGAC	STREME-1	NC_064041.1	7635371	7635378	+	12.13	AGCGTGAG
1-AGCGTGAC	STREME-1	NC_064036.1	17969203	17969210	-	12.13	AGCGTGAG
1-AGCGTGAC	STREME-1	NC_064044.1	8433180	8433187	-	12.13	AGCGTGAG
1-AGCGTGAC	STREME-1	NC_064041.1	14416659	14416666	-	12.13	AGCGTGAG
1-AGCGTGAC	STREME-1	NC_064038.1	7695533	7695540	-	12.13	AGCGTGAG
1-AGCGTGAC	STREME-1	NC_064046.1	13112606	13112613	+	12.13	AGCGTGAG
1-AGCGTGAC	STREME-1	NC_064036.1	9733445	9733452	+	12.13	AGCGTGAG
1-AGCGTGAC	STREME-1	NC_064039.1	8509648	8509655	-	12.13	AGCGTGAG
1-AGCGTGAC	STREME-1	NC_064044.1	883385	883392	-	12.13	AGCGTGAG
1-AGCGTGAC	STREME-1	NC_064038.1	4895442	4895449	+	11.98	ATCGTGAC
1-AGCGTGAC	STREME-1	NC_064045.1	4431970	4431977	+	11.98	ATCGTGAC
1-AGCGTGAC	STREME-1	NC_064044.1	8082543	8082550	+	11.98	ATCGTGAC
1-AGCGTGAC	STREME-1	NC_064034.1	9237854	9237861	-	11.98	ATCGTGAC
1-AGCGTGAC	STREME-1	NC_064039.1	10155959	10155966	-	11.98	ATCGTGAC
1-AGCGTGAC	STREME-1	NC_064043.1	15723574	15723581	-	11.98	ATCGTGAC
1-AGCGTGAC	STREME-1	NC_064037.1	11416375	11416382	+	11.98	ATCGTGAC
1-AGCGTGAC	STREME-1	NC_064036.1	5680206	5680213	-	11.98	ATCGTGAC
1-AGCGTGAC	STREME-1	NC_064044.1	13567023	13567030	+	11.98	ATCGTGAC
1-AGCGTGAC	STREME-1	NC_064036.1	12704751	12704758	-	11.98	ATCGTGAC
1-AGCGTGAC	STREME-1	NC_064047.1	919615	919622	+	11.98	ATCGTGAC
1-AGCGTGAC	STREME-1	NC_064048.1	2702623	2702630	-	11.59	TCCGTGAC
1-AGCGTGAC	STREME-1	NC_064038.1	4895540	4895547	+	11.59	TCCGTGAC
1-AGCGTGAC	STREME-1	NC_064035.1	8994348	8994355	-	11.59	TCCGTGAC
1-AGCGTGAC	STREME-1	NC_064038.1	12749219	12749226	-	11.59	TCCGTGAC
1-AGCGTGAC	STREME-1	NC_064034.1	7071029	7071036	+	11.59	TCCGTGAC
1-AGCGTGAC	STREME-1	NC_064042.1	14816460	14816467	-	11.59	TCCGTGAC
1-AGCGTGAC	STREME-1	NC_064042.1	524619	524626	+	11.59	TCCGTGAC
1-AGCGTGAC	STREME-1	NC_064046.1	3859527	3859534	-	11.59	TCCGTGAC
1-AGCGTGAC	STREME-1	NC_064043.1	10698652	10698659	-	11.59	TCCGTGAC
1-AGCGTGAC	STREME-1	NC_064040.1	13180137	13180144	-	11.59	TCCGTGAC
1-AGCGTGAC	STREME-1	NC_064041.1	1478551	1478558	+	11.48	AGCGTGAA
1-AGCGTGAC	STREME-1	NC_064042.1	4542638	4542645	+	11.48	AGCGTGAA
1-AGCGTGAC	STREME-1	NC_064046.1	1770293	1770300	+	11.48	AGCGTGAA
1-AGCGTGAC	STREME-1	NC_064042.1	9376627	9376634	+	11.48	AGCGTGAA
1-AGCGTGAC	STREME-1	NC_064048.1	4511834	4511841	+	11.48	AGCGTGAA
1-AGCGTGAC	STREME-1	NC_064034.1	7067598	7067605	+	11.48	AGCGTGAA
1-AGCGTGAC	STREME-1	NC_064039.1	10271480	10271487	-	11.48	AGCGTGAA
1-AGCGTGAC	STREME-1	NC_064041.1	4164979	4164986	+	11.48	AGCGTGAA
1-AGCGTGAC	STREME-1	NC_064037.1	9834728	9834735	+	11.48	AGCGTGAA
1-AGCGTGAC	STREME-1	NC_064038.1	5480537	5480544	+	11.48	AGCGTGAA
1-AGCGTGAC	STREME-1	NC_064042.1	4697600	4697607	+	11.48	AGCGTGAA
1-AGCGTGAC	STREME-1	NC_064043.1	11161096	11161103	-	11.48	AGCGTGAA
1-AGCGTGAC	STREME-1	NC_064037.1	12122631	12122638	-	11.48	AGCGTGAA
1-AGCGTGAC	STREME-1	NC_064035.1	5784406	5784413	-	11.34	AGCGAGAC
1-AGCGTGAC	STREME-1	NC_064036.1	11215480	11215487	+	11.34	AGCGAGAC
1-AGCGTGAC	STREME-1	NC_064034.1	12229542	12229549	-	11.34	AGCGAGAC
1-AGCGTGAC	STREME-1	NC_064039.1	11680333	11680340	-	11.34	AGCGAGAC
1-AGCGTGAC	STREME-1	NC_064048.1	5817377	5817384	+	11.34	AGCGAGAC
1-AGCGTGAC	STREME-1	NC_064036.1	14628613	14628620	+	11.34	AGCGAGAC
1-AGCGTGAC	STREME-1	NC_064035.1	14039715	14039722	-	11.34	AGCGAGAC
1-AGCGTGAC	STREME-1	NC_064047.1	10144005	10144012	-	11.34	AGCGAGAC
1-AGCGTGAC	STREME-1	NC_064036.1	18339304	18339311	+	11.04	GCCGTGAC
1-AGCGTGAC	STREME-1	NC_064043.1	3935250	3935257	-	11.04	GCCGTGAC
1-AGCGTGAC	STREME-1	NC_064043.1	1701768	1701775	-	11.04	GCCGTGAC
1-AGCGTGAC	STREME-1	NC_064046.1	3598496	3598503	+	11.04	GCCGTGAC
1-AGCGTGAC	STREME-1	NC_064035.1	10017888	10017895	+	11.04	GCCGTGAC
1-AGCGTGAC	STREME-1	NC_064035.1	7460421	7460428	+	11.04	GCCGTGAC
1-AGCGTGAC	STREME-1	NC_064047.1	9741370	9741377	-	11.04	GCCGTGAC
1-AGCGTGAC	STREME-1	NC_064039.1	15311416	15311423	-	11.04	GCCGTGAC
1-AGCGTGAC	STREME-1	NC_064036.1	19944044	19944051	+	11.04	GCCGTGAC
1-AGCGTGAC	STREME-1	NC_064038.1	8125284	8125291	+	10.94	ACCGTGAG
1-AGCGTGAC	STREME-1	NC_064035.1	999336	999343	-	10.94	ACCGTGAG
1-AGCGTGAC	STREME-1	NC_064045.1	7162869	7162876	+	10.94	ACCGTGAG
1-AGCGTGAC	STREME-1	NC_064043.1	8198827	8198834	-	10.94	ACCGTGAG
1-AGCGTGAC	STREME-1	NC_064048.1	10612548	10612555	-	10.90	TGCGTGAG
1-AGCGTGAC	STREME-1	NC_064043.1	2071688	2071695	-	10.90	TGCGTGAG
1-AGCGTGAC	STREME-1	NC_064035.1	4586186	4586193	+	10.90	TGCGTGAG
1-AGCGTGAC	STREME-1	NC_064040.1	8813036	8813043	+	10.90	TGCGTGAG
1-AGCGTGAC	STREME-1	NC_064034.1	7057930	7057937	-	10.90	TGCGTGAG
1-AGCGTGAC	STREME-1	NC_064046.1	14640757	14640764	+	10.90	TGCGTGAG
1-AGCGTGAC	STREME-1	NC_064036.1	7879517	7879524	-	10.90	TGCGTGAG
1-AGCGTGAC	STREME-1	NC_064038.1	9334155	9334162	-	10.51	GGCGTGAG
1-AGCGTGAC	STREME-1	NC_064045.1	10195607	10195614	+	10.51	GGCGTGAG
1-AGCGTGAC	STREME-1	NC_064035.1	7036923	7036930	-	10.51	GGCGTGAG
1-AGCGTGAC	STREME-1	NC_064036.1	15229148	15229155	-	10.51	GGCGTGAG
1-AGCGTGAC	STREME-1	NC_064038.1	11603193	11603200	-	10.51	GGCGTGAG
1-AGCGTGAC	STREME-1	NC_064036.1	15229148	15229155	-	10.51	GGCGTGAG
1-AGCGTGAC	STREME-1	NC_064035.1	14531162	14531169	+	10.51	GGCGTGAG
1-AGCGTGAC	STREME-1	NC_064038.1	13450561	13450568	+	10.51	GGCGTGAG
1-AGCGTGAC	STREME-1	NC_064039.1	15247925	15247932	-	10.47	TTCGTGAC
1-AGCGTGAC	STREME-1	NC_064038.1	4895421	4895428	+	10.47	TTCGTGAC
1-AGCGTGAC	STREME-1	NC_064044.1	2072486	2072493	+	10.47	TTCGTGAC
1-AGCGTGAC	STREME-1	NC_064034.1	6688928	6688935	+	10.47	TTCGTGAC
1-AGCGTGAC	STREME-1	NC_064036.1	1549855	1549862	-	10.47	TTCGTGAC
1-AGCGTGAC	STREME-1	NC_064039.1	8929292	8929299	-	10.47	TTCGTGAC
1-AGCGTGAC	STREME-1	NC_064043.1	14680258	14680265	+	10.47	TTCGTGAC
1-AGCGTGAC	STREME-1	NC_064038.1	7695309	7695316	+	10.47	TTCGTGAC
1-AGCGTGAC	STREME-1	NC_064044.1	15773025	15773032	+	10.47	TTCGTGAC
1-AGCGTGAC	STREME-1	NC_064036.1	19118748	19118755	+	10.47	TTCGTGAC
1-AGCGTGAC	STREME-1	NC_064046.1	1888800	1888807	+	10.47	TTCGTGAC
1-AGCGTGAC	STREME-1	NC_064046.1	1888886	1888893	+	10.47	TTCGTGAC
1-AGCGTGAC	STREME-1	NC_064046.1	1888951	1888958	+	10.47	TTCGTGAC
1-AGCGTGAC	STREME-1	NC_064038.1	13435222	13435229	-	10.47	TTCGTGAC
1-AGCGTGAC	STREME-1	NC_064040.1	9572568	9572575	-	10.47	TTCGTGAC
1-AGCGTGAC	STREME-1	NC_064040.1	9572626	9572633	-	10.47	TTCGTGAC
1-AGCGTGAC	STREME-1	NC_064042.1	4697620	4697627	-	10.47	TTCGTGAC
1-AGCGTGAC	STREME-1	NC_064040.1	1817816	1817823	+	10.47	TTCGTGAC
1-AGCGTGAC	STREME-1	NC_064041.1	1713223	1713230	-	10.47	TTCGTGAC
1-AGCGTGAC	STREME-1	NC_064039.1	13220397	13220404	+	10.29	ACCGTGAA
1-AGCGTGAC	STREME-1	NC_064041.1	10508542	10508549	-	10.29	ACCGTGAA
1-AGCGTGAC	STREME-1	NC_064042.1	13063230	13063237	-	10.29	ACCGTGAA
1-AGCGTGAC	STREME-1	NC_064034.1	7070906	7070913	-	10.29	ACCGTGAA
1-AGCGTGAC	STREME-1	NC_064046.1	3715746	3715753	-	10.29	ACCGTGAA
1-AGCGTGAC	STREME-1	NC_064039.1	7206926	7206933	-	10.29	ACCGTGAA
1-AGCGTGAC	STREME-1	NC_064047.1	6680548	6680555	-	10.29	ACCGTGAA
1-AGCGTGAC	STREME-1	NC_064048.1	2708723	2708730	-	10.29	ACCGTGAA
1-AGCGTGAC	STREME-1	NC_064035.1	14257873	14257880	-	10.29	ACCGTGAA
1-AGCGTGAC	STREME-1	NC_064048.1	7826749	7826756	+	10.29	ACCGTGAA
1-AGCGTGAC	STREME-1	NC_064048.1	4014994	4015001	+	10.29	ACCGTGAA
1-AGCGTGAC	STREME-1	NC_064042.1	14837905	14837912	+	10.25	TGCGTGAA
1-AGCGTGAC	STREME-1	NC_064044.1	2072454	2072461	+	10.25	TGCGTGAA
1-AGCGTGAC	STREME-1	NC_064042.1	376918	376925	+	10.25	TGCGTGAA
1-AGCGTGAC	STREME-1	NC_064042.1	376947	376954	+	10.25	TGCGTGAA
1-AGCGTGAC	STREME-1	NC_064042.1	376976	376983	+	10.25	TGCGTGAA
1-AGCGTGAC	STREME-1	NC_064042.1	377005	377012	+	10.25	TGCGTGAA
1-AGCGTGAC	STREME-1	NC_064036.1	14749513	14749520	-	10.25	TGCGTGAA
1-AGCGTGAC	STREME-1	NC_064037.1	6263271	6263278	-	10.25	TGCGTGAA
1-AGCGTGAC	STREME-1	NC_064037.1	1465209	1465216	-	10.25	TGCGTGAA
1-AGCGTGAC	STREME-1	NC_064043.1	11444005	11444012	+	10.25	TGCGTGAA
1-AGCGTGAC	STREME-1	NC_064036.1	6426856	6426863	-	10.25	TGCGTGAA
1-AGCGTGAC	STREME-1	NC_064044.1	11689103	11689110	-	10.25	TGCGTGAA
1-AGCGTGAC	STREME-1	NC_064034.1	2947989	2947996	+	10.25	TGCGTGAA
1-AGCGTGAC	STREME-1	NC_064044.1	3367591	3367598	-	10.25	TGCGTGAA
1-AGCGTGAC	STREME-1	NC_064035.1	5784752	5784759	+	10.25	TGCGTGAA
1-AGCGTGAC	STREME-1	NC_064042.1	524537	524544	-	10.25	TGCGTGAA
1-AGCGTGAC	STREME-1	NC_064034.1	14042999	14043006	-	10.25	TGCGTGAA
1-AGCGTGAC	STREME-1	NC_064034.1	6470210	6470217	-	10.25	TGCGTGAA
1-AGCGTGAC	STREME-1	NC_064046.1	1307207	1307214	-	10.25	TGCGTGAA
1-AGCGTGAC	STREME-1	NC_064039.1	8509498	8509505	+	10.25	TGCGTGAA
1-AGCGTGAC	STREME-1	NC_064038.1	10022895	10022902	-	10.25	TGCGTGAA
1-AGCGTGAC	STREME-1	NC_064045.1	9492548	9492555	-	10.25	TGCGTGAA
1-AGCGTGAC	STREME-1	NC_064041.1	16325271	16325278	-	10.24	GTCGTGAC
1-AGCGTGAC	STREME-1	NC_064043.1	14541458	14541465	+	10.24	GTCGTGAC
1-AGCGTGAC	STREME-1	NC_064036.1	1272163	1272170	-	10.24	GTCGTGAC
1-AGCGTGAC	STREME-1	NC_064036.1	1272178	1272185	-	10.24	GTCGTGAC
1-AGCGTGAC	STREME-1	NC_064043.1	5317884	5317891	-	10.24	GTCGTGAC
1-AGCGTGAC	STREME-1	NC_064037.1	16090816	16090823	+	10.24	GTCGTGAC
1-AGCGTGAC	STREME-1	NC_064046.1	10222230	10222237	-	10.24	GTCGTGAC
1-AGCGTGAC	STREME-1	NC_064042.1	4542277	4542284	+	10.24	GTCGTGAC
1-AGCGTGAC	STREME-1	NC_064039.1	16256490	16256497	-	10.24	GTCGTGAC
1-AGCGTGAC	STREME-1	NC_064047.1	1753547	1753554	-	10.24	GTCGTGAC
1-AGCGTGAC	STREME-1	NC_064035.1	14257913	14257920	+	10.24	GTCGTGAC
1-AGCGTGAC	STREME-1	NC_064043.1	1743174	1743181	+	10.24	GTCGTGAC
1-AGCGTGAC	STREME-1	NC_064042.1	9580377	9580384	-	10.24	GTCGTGAC
1-AGCGTGAC	STREME-1	NC_064041.1	14416345	14416352	-	10.16	ACCGAGAC
1-AGCGTGAC	STREME-1	NC_064036.1	17683568	17683575	+	10.16	ACCGAGAC
1-AGCGTGAC	STREME-1	NC_064035.1	10536156	10536163	+	10.16	ACCGAGAC
1-AGCGTGAC	STREME-1	NC_064038.1	3926865	3926872	+	10.16	ACCGAGAC
1-AGCGTGAC	STREME-1	NC_064043.1	1938362	1938369	+	10.16	ACCGAGAC
1-AGCGTGAC	STREME-1	NC_064047.1	893853	893860	+	10.16	ACCGAGAC
1-AGCGTGAC	STREME-1	NC_064042.1	4542137	4542144	+	10.16	ACCGAGAC
1-AGCGTGAC	STREME-1	NC_064036.1	6508722	6508729	+	10.16	ACCGAGAC
1-AGCGTGAC	STREME-1	NC_064047.1	13018068	13018075	-	10.16	ACCGAGAC
1-AGCGTGAC	STREME-1	NC_064046.1	9375282	9375289	+	10.14	ATCGTGAG
1-AGCGTGAC	STREME-1	NC_064036.1	8225122	8225129	+	10.14	ATCGTGAG
1-AGCGTGAC	STREME-1	NC_064038.1	15090499	15090506	-	10.14	ATCGTGAG
1-AGCGTGAC	STREME-1	NC_064042.1	524589	524596	-	10.14	ATCGTGAG
1-AGCGTGAC	STREME-1	NC_064036.1	19490884	19490891	-	10.11	TGCGAGAC
1-AGCGTGAC	STREME-1	NC_064036.1	7880431	7880438	-	10.11	TGCGAGAC
1-AGCGTGAC	STREME-1	NC_064046.1	2563847	2563854	+	10.11	TGCGAGAC
1-AGCGTGAC	STREME-1	NC_064043.1	10342371	10342378	+	10.11	TGCGAGAC
1-AGCGTGAC	STREME-1	NC_064038.1	13434589	13434596	+	10.11	TGCGAGAC
1-AGCGTGAC	STREME-1	NC_064036.1	6508748	6508755	-	10.11	TGCGAGAC
1-AGCGTGAC	STREME-1	NC_064043.1	3709746	3709753	+	10.11	TGCGAGAC
1-AGCGTGAC	STREME-1	NC_064044.1	4844844	4844851	-	10.03	AGCGTGAT
1-AGCGTGAC	STREME-1	NC_064044.1	12163741	12163748	+	10.03	AGCGTGAT
1-AGCGTGAC	STREME-1	NC_064037.1	9842175	9842182	-	10.03	AGCGTGAT
1-AGCGTGAC	STREME-1	NC_064046.1	13291347	13291354	-	10.03	AGCGTGAT
1-AGCGTGAC	STREME-1	NC_064038.1	5908642	5908649	-	10.03	AGCGTGAT
1-AGCGTGAC	STREME-1	NC_064038.1	5952481	5952488	-	10.03	AGCGTGAT
1-AGCGTGAC	STREME-1	NC_064038.1	15090539	15090546	-	10.03	AGCGTGAT
1-AGCGTGAC	STREME-1	NC_064048.1	8574160	8574167	+	10.03	AGCGTGAT
1-AGCGTGAC	STREME-1	NC_064041.1	11604158	11604165	-	10.03	AGCGTGAT
1-AGCGTGAC	STREME-1	NC_064036.1	9733341	9733348	+	10.03	AGCGTGAT
1-AGCGTGAC	STREME-1	NC_064045.1	2124810	2124817	-	10.03	AGCGTGAT
1-AGCGTGAC	STREME-1	NC_064036.1	6508820	6508827	-	10.03	AGCGTGAT
1-AGCGTGAC	STREME-1	NC_064036.1	13146848	13146855	-	10.03	AGCGTGAT
#
2-WWGGAATGY	STREME-2	NC_064044.1	4850684	4850692	+	15.23	ATGGAATGC
2-WWGGAATGY	STREME-2	NC_064035.1	17694379	17694387	+	15.23	ATGGAATGC
2-WWGGAATGY	STREME-2	NC_064036.1	7880333	7880341	+	15.23	ATGGAATGC
2-WWGGAATGY	STREME-2	NC_064043.1	5957266	5957274	-	15.23	ATGGAATGC
2-WWGGAATGY	STREME-2	NC_064035.1	5643798	5643806	-	15.23	ATGGAATGC
2-WWGGAATGY	STREME-2	NC_064041.1	551236	551244	+	15.23	ATGGAATGC
2-WWGGAATGY	STREME-2	NC_064036.1	10873779	10873787	-	14.71	TAGGAATGC
2-WWGGAATGY	STREME-2	NC_064039.1	13220532	13220540	-	14.67	ATGGAATGT
2-WWGGAATGY	STREME-2	NC_064044.1	7808041	7808049	-	14.67	ATGGAATGT
2-WWGGAATGY	STREME-2	NC_064038.1	15585145	15585153	+	14.67	ATGGAATGT
2-WWGGAATGY	STREME-2	NC_064037.1	6262900	6262908	-	14.67	ATGGAATGT
2-WWGGAATGY	STREME-2	NC_064047.1	6680525	6680533	-	14.67	ATGGAATGT
2-WWGGAATGY	STREME-2	NC_064042.1	11857224	11857232	-	14.67	ATGGAATGT
2-WWGGAATGY	STREME-2	NC_064047.1	9740362	9740370	-	14.67	ATGGAATGT
2-WWGGAATGY	STREME-2	NC_064042.1	4702859	4702867	-	14.67	ATGGAATGT
2-WWGGAATGY	STREME-2	NC_064046.1	1748916	1748924	-	14.67	ATGGAATGT
2-WWGGAATGY	STREME-2	NC_064043.1	1713805	1713813	-	14.64	AAGGAATGC
2-WWGGAATGY	STREME-2	NC_064034.1	9333011	9333019	+	14.64	AAGGAATGC
2-WWGGAATGY	STREME-2	NC_064041.1	5770126	5770134	+	14.64	AAGGAATGC
2-WWGGAATGY	STREME-2	NC_064043.1	6484302	6484310	+	14.64	AAGGAATGC
2-WWGGAATGY	STREME-2	NC_064035.1	20542431	20542439	-	14.64	AAGGAATGC
2-WWGGAATGY	STREME-2	NC_064034.1	10068137	10068145	+	14.64	AAGGAATGC
2-WWGGAATGY	STREME-2	NC_064046.1	13112495	13112503	-	14.64	AAGGAATGC
2-WWGGAATGY	STREME-2	NC_064045.1	6839077	6839085	+	14.64	AAGGAATGC
2-WWGGAATGY	STREME-2	NC_064039.1	14308024	14308032	+	14.64	AAGGAATGC
2-WWGGAATGY	STREME-2	NC_064044.1	12175590	12175598	+	14.64	AAGGAATGC
2-WWGGAATGY	STREME-2	NC_064044.1	7808027	7808035	-	14.53	TTGGAATGC
2-WWGGAATGY	STREME-2	NC_064048.1	4621816	4621824	-	14.53	TTGGAATGC
2-WWGGAATGY	STREME-2	NC_064035.1	10769739	10769747	+	14.53	TTGGAATGC
2-WWGGAATGY	STREME-2	NC_064036.1	10979663	10979671	+	14.53	TTGGAATGC
2-WWGGAATGY	STREME-2	NC_064043.1	10030046	10030054	-	14.53	TTGGAATGC
2-WWGGAATGY	STREME-2	NC_064036.1	15229369	15229377	+	14.53	TTGGAATGC
2-WWGGAATGY	STREME-2	NC_064037.1	10729771	10729779	+	14.53	TTGGAATGC
2-WWGGAATGY	STREME-2	NC_064048.1	10192887	10192895	-	14.53	TTGGAATGC
2-WWGGAATGY	STREME-2	NC_064043.1	14541034	14541042	+	14.53	TTGGAATGC
2-WWGGAATGY	STREME-2	NC_064036.1	2250321	2250329	-	14.53	TTGGAATGC
2-WWGGAATGY	STREME-2	NC_064035.1	5769278	5769286	+	14.53	TTGGAATGC
2-WWGGAATGY	STREME-2	NC_064040.1	7918495	7918503	-	14.27	ACGGAATGC
2-WWGGAATGY	STREME-2	NC_064036.1	14770992	14771000	-	14.27	ACGGAATGC
2-WWGGAATGY	STREME-2	NC_064036.1	7879588	7879596	+	14.27	ACGGAATGC
2-WWGGAATGY	STREME-2	NC_064046.1	1772298	1772306	-	14.16	TAGGAATGT
2-WWGGAATGY	STREME-2	NC_064043.1	15260370	15260378	-	14.16	TAGGAATGT
2-WWGGAATGY	STREME-2	NC_064041.1	4464971	4464979	+	14.16	TAGGAATGT
2-WWGGAATGY	STREME-2	NC_064034.1	8776223	8776231	+	14.16	TAGGAATGT
2-WWGGAATGY	STREME-2	NC_064044.1	883058	883066	-	14.16	TAGGAATGT
2-WWGGAATGY	STREME-2	NC_064036.1	3751174	3751182	-	14.16	TAGGAATGT
2-WWGGAATGY	STREME-2	NC_064039.1	15594689	15594697	+	14.16	TAGGAATGT
2-WWGGAATGY	STREME-2	NC_064047.1	8224630	8224638	-	14.09	AAGGAATGT
2-WWGGAATGY	STREME-2	NC_064038.1	8127008	8127016	+	14.09	AAGGAATGT
2-WWGGAATGY	STREME-2	NC_064035.1	7036910	7036918	-	14.09	AAGGAATGT
2-WWGGAATGY	STREME-2	NC_064048.1	8846167	8846175	+	14.09	AAGGAATGT
2-WWGGAATGY	STREME-2	NC_064038.1	13434701	13434709	+	14.09	AAGGAATGT
2-WWGGAATGY	STREME-2	NC_064043.1	1598234	1598242	+	14.09	AAGGAATGT
2-WWGGAATGY	STREME-2	NC_064036.1	18958606	18958614	+	14.09	AAGGAATGT
2-WWGGAATGY	STREME-2	NC_064046.1	1772165	1772173	-	13.98	TTGGAATGT
2-WWGGAATGY	STREME-2	NC_064042.1	8980362	8980370	+	13.98	TTGGAATGT
2-WWGGAATGY	STREME-2	NC_064041.1	2338775	2338783	-	13.98	TTGGAATGT
2-WWGGAATGY	STREME-2	NC_064036.1	2934896	2934904	-	13.98	TTGGAATGT
2-WWGGAATGY	STREME-2	NC_064047.1	919818	919826	-	13.98	TTGGAATGT
2-WWGGAATGY	STREME-2	NC_064047.1	13017921	13017929	-	13.98	TTGGAATGT
2-WWGGAATGY	STREME-2	NC_064037.1	5006826	5006834	-	13.98	TTGGAATGT
2-WWGGAATGY	STREME-2	NC_064043.1	1598367	1598375	-	13.86	TCGGAATGC
2-WWGGAATGY	STREME-2	NC_064038.1	1577565	1577573	+	13.71	ACGGAATGT
2-WWGGAATGY	STREME-2	NC_064039.1	482947	482955	+	13.71	ACGGAATGT
2-WWGGAATGY	STREME-2	NC_064034.1	16074345	16074353	-	13.71	ACGGAATGT
2-WWGGAATGY	STREME-2	NC_064043.1	5957043	5957051	-	13.71	ACGGAATGT
2-WWGGAATGY	STREME-2	NC_064046.1	12666569	12666577	-	13.71	ACGGAATGT
2-WWGGAATGY	STREME-2	NC_064046.1	907063	907071	-	13.30	TCGGAATGT
2-WWGGAATGY	STREME-2	NC_064046.1	920187	920195	-	13.30	TCGGAATGT
#
3-TGCGTGACAKKSBW	STREME-3	NC_064035.1	8257907	8257920	+	20.81	TGCGTGACAGGCTA
3-TGCGTGACAKKSBW	STREME-3	NC_064035.1	8257907	8257920	+	20.81	TGCGTGACAGGCTA
3-TGCGTGACAKKSBW	STREME-3	NC_064042.1	7387926	7387939	+	20.60	TGCGTGACAGTGTT
3-TGCGTGACAKKSBW	STREME-3	NC_064043.1	11444024	11444037	+	19.35	TGCGTGACAGTGAA
3-TGCGTGACAKKSBW	STREME-3	NC_064037.1	16851895	16851908	-	19.15	TGCGTGACAGTGAT
3-TGCGTGACAKKSBW	STREME-3	NC_064036.1	6508652	6508665	+	18.82	CGCGTGACAGTGTA
3-TGCGTGACAKKSBW	STREME-3	NC_064041.1	5769940	5769953	-	18.62	TGCGTGACACTGTT
3-TGCGTGACAKKSBW	STREME-3	NC_064037.1	6431195	6431208	-	18.54	TGCGTGACAGGCAA
3-TGCGTGACAKKSBW	STREME-3	NC_064047.1	11407701	11407714	+	18.49	TGCGTGACATTGTG
3-TGCGTGACAKKSBW	STREME-3	NC_064047.1	2439750	2439763	-	18.49	TGCGTGACAGACGT
3-TGCGTGACAKKSBW	STREME-3	NC_064041.1	9460102	9460115	-	18.42	TGCGTGACCTAGTA
3-TGCGTGACAKKSBW	STREME-3	NC_064041.1	1713202	1713215	-	18.38	TGCGTGACACTGGT
3-TGCGTGACAKKSBW	STREME-3	NC_064046.1	1888864	1888877	+	18.05	TGCGTGACAGAGTC
3-TGCGTGACAKKSBW	STREME-3	NC_064046.1	1888929	1888942	+	18.05	TGCGTGACAGAGTC
3-TGCGTGACAKKSBW	STREME-3	NC_064044.1	6478508	6478521	-	17.94	TGCGTGACAGGTTA
3-TGCGTGACAKKSBW	STREME-3	NC_064034.1	9237864	9237877	+	17.90	TGCGTGACCCTGTA
3-TGCGTGACAKKSBW	STREME-3	NC_064035.1	19276140	19276153	-	17.86	TACGTGACAGTCGA
3-TGCGTGACAKKSBW	STREME-3	NC_064035.1	8257699	8257712	+	17.77	TGCGTGACACTGCG
3-TGCGTGACAKKSBW	STREME-3	NC_064035.1	9739739	9739752	-	17.58	TACGTGACAGTGGT
3-TGCGTGACAKKSBW	STREME-3	NC_064037.1	11416411	11416424	+	17.57	TGCGTGACAGGCGC
3-TGCGTGACAKKSBW	STREME-3	NC_064036.1	6560723	6560736	+	17.50	TGCGTGACATGCAA
3-TGCGTGACAKKSBW	STREME-3	NC_064045.1	4432003	4432016	-	17.35	TGCGTGACCGTCCC
3-TGCGTGACAKKSBW	STREME-3	NC_064044.1	2072363	2072376	+	17.12	TGCGTGACTGGGTT
3-TGCGTGACAKKSBW	STREME-3	NC_064041.1	5754763	5754776	+	16.95	TGCGTGACCCTCGA
3-TGCGTGACAKKSBW	STREME-3	NC_064036.1	853498	853511	+	16.91	TGCGTGACGGTGTG
3-TGCGTGACAKKSBW	STREME-3	NC_064042.1	7387894	7387907	+	16.75	TGCGTGACAGTTGT
3-TGCGTGACAKKSBW	STREME-3	NC_064042.1	10338188	10338201	-	16.71	TGCGTGACAGTTTT
3-TGCGTGACAKKSBW	STREME-3	NC_064038.1	10776509	10776522	+	16.62	TGCGTGACATGTTA
3-TGCGTGACAKKSBW	STREME-3	NC_064047.1	9741565	9741578	+	16.57	TGCGTGACGTTGCT
3-TGCGTGACAKKSBW	STREME-3	NC_064036.1	13254098	13254111	-	16.32	AGCGTGACAGGCGT
3-TGCGTGACAKKSBW	STREME-3	NC_064042.1	7387882	7387895	+	16.30	TGCGTGACACAGTG
3-TGCGTGACAKKSBW	STREME-3	NC_064041.1	7635351	7635364	+	16.16	AGCGTGACATTCCA
3-TGCGTGACAKKSBW	STREME-3	NC_064040.1	7151582	7151595	+	16.14	CGCGTGACAGGGGG
3-TGCGTGACAKKSBW	STREME-3	NC_064046.1	1888821	1888834	+	16.13	TGCGTGACAGATCA
3-TGCGTGACAKKSBW	STREME-3	NC_064046.1	3859521	3859534	-	15.99	TCCGTGACATTGCA
3-TGCGTGACAKKSBW	STREME-3	NC_064044.1	8433233	8433246	-	15.95	TACGTGACATGCCT
3-TGCGTGACAKKSBW	STREME-3	NC_064046.1	10202735	10202748	+	15.92	TGCGTGACATCGCA
3-TGCGTGACAKKSBW	STREME-3	NC_064046.1	1307245	1307258	+	15.88	GGCGTGACAGGGCA
3-TGCGTGACAKKSBW	STREME-3	NC_064045.1	9742161	9742174	-	15.81	AGCGTGACATTCCT
3-TGCGTGACAKKSBW	STREME-3	NC_064043.1	14541179	14541192	-	15.69	TACGTGACCGTCTG
3-TGCGTGACAKKSBW	STREME-3	NC_064035.1	8994342	8994355	-	15.64	TCCGTGACAGAGTT
3-TGCGTGACAKKSBW	STREME-3	NC_064036.1	15924292	15924305	+	15.60	TGCGTGACTTTCCA
3-TGCGTGACAKKSBW	STREME-3	NC_064038.1	4895348	4895361	+	15.59	CGCGTGACATGGAA
3-TGCGTGACAKKSBW	STREME-3	NC_064038.1	4895394	4895407	+	15.59	CGCGTGACATGGAA
3-TGCGTGACAKKSBW	STREME-3	NC_064044.1	15773009	15773022	+	15.53	TGCGTGACCAGGTT
3-TGCGTGACAKKSBW	STREME-3	NC_064038.1	13435232	13435245	-	15.53	TGCGTGACCAGGTT
3-TGCGTGACAKKSBW	STREME-3	NC_064043.1	15723523	15723536	-	15.47	CGCGTGACATAGGT
3-TGCGTGACAKKSBW	STREME-3	NC_064044.1	8433128	8433141	-	15.47	TACGTGACATGCCG
3-TGCGTGACAKKSBW	STREME-3	NC_064038.1	5480516	5480529	+	15.41	TGAGTGACAGTCTT
3-TGCGTGACAKKSBW	STREME-3	NC_064042.1	10338059	10338072	-	15.38	TGCGTGACGCTGCT
3-TGCGTGACAKKSBW	STREME-3	NC_064047.1	11407769	11407782	+	15.37	CGCGTGACATTGTC
3-TGCGTGACAKKSBW	STREME-3	NC_064037.1	1856332	1856345	+	15.31	TGCGTGACTGGGCC
3-TGCGTGACAKKSBW	STREME-3	NC_064035.1	8257820	8257833	+	15.28	TGCGTGACACGTCA
3-TGCGTGACAKKSBW	STREME-3	NC_064034.1	3432676	3432689	-	15.26	TGCGTGACAAAGTT
3-TGCGTGACAKKSBW	STREME-3	NC_064042.1	377014	377027	+	15.14	TGCGTGACGTAGTG
3-TGCGTGACAKKSBW	STREME-3	NC_064040.1	11926672	11926685	-	15.13	TGCGTGACCCTCAA
3-TGCGTGACAKKSBW	STREME-3	NC_064044.1	6487696	6487709	-	15.05	TGAGTGACCGTGCA
3-TGCGTGACAKKSBW	STREME-3	NC_064043.1	11855291	11855304	+	15.03	TGCGTGACATTTGT
3-TGCGTGACAKKSBW	STREME-3	NC_064045.1	3433066	3433079	+	15.03	CACGTGACAGGCTA
3-TGCGTGACAKKSBW	STREME-3	NC_064035.1	4891120	4891133	-	14.97	TGCGTGACTCAGTA
#
4-AAGGTCAA	STREME-4	NC_064036.1	4510650	4510657	+	14.05	AAGGTCAA
4-AAGGTCAA	STREME-4	NC_064036.1	14669733	14669740	+	14.05	AAGGTCAA
4-AAGGTCAA	STREME-4	NC_064036.1	15924222	15924229	+	14.05	AAGGTCAA
4-AAGGTCAA	STREME-4	NC_064034.1	19947215	19947222	+	14.05	AAGGTCAA
4-AAGGTCAA	STREME-4	NC_064043.1	10342139	10342146	+	14.05	AAGGTCAA
4-AAGGTCAA	STREME-4	NC_064045.1	11917887	11917894	+	14.05	AAGGTCAA
4-AAGGTCAA	STREME-4	NC_064037.1	2817649	2817656	+	14.05	AAGGTCAA
4-AAGGTCAA	STREME-4	NC_064035.1	2754102	2754109	-	14.05	AAGGTCAA
4-AAGGTCAA	STREME-4	NC_064045.1	4545282	4545289	-	14.05	AAGGTCAA
4-AAGGTCAA	STREME-4	NC_064042.1	4415815	4415822	+	14.05	AAGGTCAA
4-AAGGTCAA	STREME-4	NC_064036.1	7511879	7511886	+	14.05	AAGGTCAA
4-AAGGTCAA	STREME-4	NC_064048.1	4704441	4704448	-	14.05	AAGGTCAA
4-AAGGTCAA	STREME-4	NC_064035.1	7460352	7460359	+	14.05	AAGGTCAA
4-AAGGTCAA	STREME-4	NC_064042.1	12552511	12552518	+	14.05	AAGGTCAA
4-AAGGTCAA	STREME-4	NC_064034.1	12229510	12229517	-	14.05	AAGGTCAA
4-AAGGTCAA	STREME-4	NC_064036.1	1467794	1467801	+	14.05	AAGGTCAA
4-AAGGTCAA	STREME-4	NC_064042.1	9578316	9578323	-	14.05	AAGGTCAA
4-AAGGTCAA	STREME-4	NC_064045.1	7158080	7158087	+	14.05	AAGGTCAA
4-AAGGTCAA	STREME-4	NC_064036.1	756415	756422	+	14.05	AAGGTCAA
4-AAGGTCAA	STREME-4	NC_064043.1	10342342	10342349	-	14.05	AAGGTCAA
4-AAGGTCAA	STREME-4	NC_064037.1	10262982	10262989	-	14.05	AAGGTCAA
4-AAGGTCAA	STREME-4	NC_064040.1	9130916	9130923	+	14.05	AAGGTCAA
4-AAGGTCAA	STREME-4	NC_064040.1	6786336	6786343	+	14.05	AAGGTCAA
4-AAGGTCAA	STREME-4	NC_064042.1	7718632	7718639	+	14.05	AAGGTCAA
4-AAGGTCAA	STREME-4	NC_064034.1	7057835	7057842	-	14.05	AAGGTCAA
4-AAGGTCAA	STREME-4	NC_064046.1	8715126	8715133	+	14.05	AAGGTCAA
4-AAGGTCAA	STREME-4	NC_064043.1	2596595	2596602	-	14.05	AAGGTCAA
4-AAGGTCAA	STREME-4	NC_064040.1	6735438	6735445	+	14.05	AAGGTCAA
4-AAGGTCAA	STREME-4	NC_064034.1	15979266	15979273	-	14.05	AAGGTCAA
4-AAGGTCAA	STREME-4	NC_064037.1	15156925	15156932	-	14.05	AAGGTCAA
4-AAGGTCAA	STREME-4	NC_064047.1	13017937	13017944	-	14.05	AAGGTCAA
4-AAGGTCAA	STREME-4	NC_064047.1	13018022	13018029	-	14.05	AAGGTCAA
4-AAGGTCAA	STREME-4	NC_064043.1	7930348	7930355	-	14.05	AAGGTCAA
4-AAGGTCAA	STREME-4	NC_064044.1	4844815	4844822	+	12.63	AAGGTCAC
4-AAGGTCAA	STREME-4	NC_064046.1	10582922	10582929	-	12.63	AAGGTCAC
4-AAGGTCAA	STREME-4	NC_064042.1	7373710	7373717	+	12.63	AAGGTCAC
4-AAGGTCAA	STREME-4	NC_064037.1	1786290	1786297	+	12.63	AAGGTCAC
4-AAGGTCAA	STREME-4	NC_064038.1	4895551	4895558	+	12.63	AAGGTCAC
4-AAGGTCAA	STREME-4	NC_064035.1	14843929	14843936	+	12.63	AAGGTCAC
4-AAGGTCAA	STREME-4	NC_064042.1	7475392	7475399	+	12.63	AAGGTCAC
4-AAGGTCAA	STREME-4	NC_064042.1	12846766	12846773	+	12.63	AAGGTCAC
4-AAGGTCAA	STREME-4	NC_064042.1	16301179	16301186	-	12.63	AAGGTCAC
4-AAGGTCAA	STREME-4	NC_064043.1	2618832	2618839	+	12.63	AAGGTCAC
4-AAGGTCAA	STREME-4	NC_064036.1	11215369	11215376	-	12.63	AAGGTCAC
4-AAGGTCAA	STREME-4	NC_064037.1	12060985	12060992	+	12.63	AAGGTCAC
4-AAGGTCAA	STREME-4	NC_064044.1	15953730	15953737	-	12.63	AAGGTCAC
4-AAGGTCAA	STREME-4	NC_064042.1	9365906	9365913	-	12.63	AAGGTCAC
4-AAGGTCAA	STREME-4	NC_064039.1	10776104	10776111	+	12.63	AAGGTCAC
4-AAGGTCAA	STREME-4	NC_064041.1	5754688	5754695	+	12.63	AAGGTCAC
4-AAGGTCAA	STREME-4	NC_064036.1	6262514	6262521	+	12.63	AAGGTCAC
4-AAGGTCAA	STREME-4	NC_064037.1	6853065	6853072	+	12.63	AAGGTCAC
4-AAGGTCAA	STREME-4	NC_064041.1	11604146	11604153	+	12.63	AAGGTCAC
4-AAGGTCAA	STREME-4	NC_064039.1	10409803	10409810	-	12.63	AAGGTCAC
4-AAGGTCAA	STREME-4	NC_064038.1	8620127	8620134	+	12.63	AAGGTCAC
4-AAGGTCAA	STREME-4	NC_064034.1	6470247	6470254	+	12.63	AAGGTCAC
4-AAGGTCAA	STREME-4	NC_064047.1	4416618	4416625	-	12.63	AAGGTCAC
4-AAGGTCAA	STREME-4	NC_064034.1	11367065	11367072	-	12.63	AAGGTCAC
4-AAGGTCAA	STREME-4	NC_064034.1	11367074	11367081	-	12.63	AAGGTCAC
4-AAGGTCAA	STREME-4	NC_064036.1	20610761	20610768	-	12.63	AAGGTCAC
4-AAGGTCAA	STREME-4	NC_064039.1	14308093	14308100	+	12.63	AAGGTCAC
4-AAGGTCAA	STREME-4	NC_064042.1	12100992	12100999	+	12.63	AAGGTCAC
4-AAGGTCAA	STREME-4	NC_064047.1	9740160	9740167	-	11.78	AAGGTCAT
4-AAGGTCAA	STREME-4	NC_064047.1	7823285	7823292	+	11.78	AAGGTCAT
4-AAGGTCAA	STREME-4	NC_064034.1	8793777	8793784	-	11.78	AAGGTCAT
4-AAGGTCAA	STREME-4	NC_064045.1	9961479	9961486	-	11.78	AAGGTCAT
4-AAGGTCAA	STREME-4	NC_064039.1	3433472	3433479	-	11.78	AAGGTCAT
4-AAGGTCAA	STREME-4	NC_064034.1	12882218	12882225	-	11.78	AAGGTCAT
4-AAGGTCAA	STREME-4	NC_064046.1	3715773	3715780	-	11.78	AAGGTCAT
4-AAGGTCAA	STREME-4	NC_064034.1	10068239	10068246	-	11.78	AAGGTCAT
4-AAGGTCAA	STREME-4	NC_064043.1	2804817	2804824	-	11.78	AAGGTCAT
4-AAGGTCAA	STREME-4	NC_064043.1	2804868	2804875	-	11.78	AAGGTCAT
4-AAGGTCAA	STREME-4	NC_064043.1	2805023	2805030	+	11.78	AAGGTCAT
4-AAGGTCAA	STREME-4	NC_064044.1	882616	882623	+	11.78	AAGGTCAT
4-AAGGTCAA	STREME-4	NC_064034.1	5755912	5755919	-	11.78	AAGGTCAT
4-AAGGTCAA	STREME-4	NC_064036.1	8046797	8046804	+	11.78	AAGGTCAT
4-AAGGTCAA	STREME-4	NC_064046.1	1372927	1372934	+	11.78	AAGGTCAT
4-AAGGTCAA	STREME-4	NC_064047.1	1753578	1753585	-	11.78	AAGGTCAT
4-AAGGTCAA	STREME-4	NC_064037.1	11837411	11837418	+	11.78	AAGGTCAT
4-AAGGTCAA	STREME-4	NC_064044.1	11449166	11449173	-	11.78	AAGGTCAT
4-AAGGTCAA	STREME-4	NC_064040.1	8183831	8183838	+	11.78	AAGGTCAT
4-AAGGTCAA	STREME-4	NC_064036.1	18958541	18958548	+	11.78	AAGGTCAT
4-AAGGTCAA	STREME-4	NC_064037.1	12122541	12122548	+	11.78	AAGGTCAT
4-AAGGTCAA	STREME-4	NC_064035.1	9370103	9370110	+	11.75	GAGGTCAA
4-AAGGTCAA	STREME-4	NC_064037.1	6257857	6257864	+	11.75	GAGGTCAA
4-AAGGTCAA	STREME-4	NC_064037.1	9842200	9842207	+	11.75	GAGGTCAA
4-AAGGTCAA	STREME-4	NC_064043.1	1951735	1951742	-	11.75	GAGGTCAA
4-AAGGTCAA	STREME-4	NC_064046.1	9375293	9375300	-	11.75	GAGGTCAA
4-AAGGTCAA	STREME-4	NC_064042.1	4415709	4415716	+	11.75	GAGGTCAA
4-AAGGTCAA	STREME-4	NC_064036.1	17674151	17674158	-	11.75	GAGGTCAA
4-AAGGTCAA	STREME-4	NC_064043.1	2618710	2618717	-	11.75	GAGGTCAA
4-AAGGTCAA	STREME-4	NC_064039.1	6585792	6585799	+	11.75	GAGGTCAA
4-AAGGTCAA	STREME-4	NC_064046.1	13581256	13581263	+	11.75	GAGGTCAA
4-AAGGTCAA	STREME-4	NC_064037.1	5640326	5640333	-	11.75	GAGGTCAA
4-AAGGTCAA	STREME-4	NC_064043.1	13469030	13469037	-	11.75	GAGGTCAA
4-AAGGTCAA	STREME-4	NC_064034.1	10299128	10299135	-	11.75	GAGGTCAA
4-AAGGTCAA	STREME-4	NC_064035.1	15518278	15518285	+	11.75	GAGGTCAA
4-AAGGTCAA	STREME-4	NC_064043.1	11855256	11855263	-	11.75	GAGGTCAA
4-AAGGTCAA	STREME-4	NC_064040.1	15378446	15378453	+	11.75	GAGGTCAA
4-AAGGTCAA	STREME-4	NC_064038.1	13434653	13434660	-	11.75	GAGGTCAA
4-AAGGTCAA	STREME-4	NC_064046.1	920118	920125	+	11.75	GAGGTCAA
4-AAGGTCAA	STREME-4	NC_064042.1	14974979	14974986	+	11.75	GAGGTCAA
4-AAGGTCAA	STREME-4	NC_064034.1	3432804	3432811	+	11.75	GAGGTCAA
4-AAGGTCAA	STREME-4	NC_064041.1	14646611	14646618	-	11.14	AAGGTCAG
4-AAGGTCAA	STREME-4	NC_064048.1	7819915	7819922	-	11.14	AAGGTCAG
4-AAGGTCAA	STREME-4	NC_064041.1	9005348	9005355	+	11.14	AAGGTCAG
4-AAGGTCAA	STREME-4	NC_064047.1	8947695	8947702	-	11.14	AAGGTCAG
4-AAGGTCAA	STREME-4	NC_064035.1	2207046	2207053	-	11.14	AAGGTCAG
4-AAGGTCAA	STREME-4	NC_064039.1	3593515	3593522	-	11.14	AAGGTCAG
4-AAGGTCAA	STREME-4	NC_064046.1	10980366	10980373	-	11.14	AAGGTCAG
4-AAGGTCAA	STREME-4	NC_064043.1	8120540	8120547	+	11.14	AAGGTCAG
4-AAGGTCAA	STREME-4	NC_064037.1	10730602	10730609	+	11.14	AAGGTCAG
4-AAGGTCAA	STREME-4	NC_064036.1	6508834	6508841	-	11.14	AAGGTCAG
4-AAGGTCAA	STREME-4	NC_064036.1	13146930	13146937	-	11.14	AAGGTCAG
4-AAGGTCAA	STREME-4	NC_064037.1	5652430	5652437	+	11.14	AAGGTCAG
4-AAGGTCAA	STREME-4	NC_064037.1	12988637	12988644	+	10.96	AAGGTCGA
4-AAGGTCAA	STREME-4	NC_064035.1	7460364	7460371	+	10.96	AAGGTCGA
4-AAGGTCAA	STREME-4	NC_064040.1	9990944	9990951	+	10.96	AAGGTCGA
4-AAGGTCAA	STREME-4	NC_064036.1	11915975	11915982	-	10.96	AAGGTCGA
4-AAGGTCAA	STREME-4	NC_064047.1	2849863	2849870	-	10.96	AAGGTCGA
4-AAGGTCAA	STREME-4	NC_064040.1	7788692	7788699	-	10.96	AAGGTCGA
4-AAGGTCAA	STREME-4	NC_064043.1	2596438	2596445	-	10.96	AAGGTCGA
4-AAGGTCAA	STREME-4	NC_064042.1	2887007	2887014	+	10.96	AAGGTCGA
4-AAGGTCAA	STREME-4	NC_064042.1	9580478	9580485	-	10.96	AAGGTCGA
4-AAGGTCAA	STREME-4	NC_064035.1	12849679	12849686	-	10.96	AAGGTCGA
4-AAGGTCAA	STREME-4	NC_064038.1	1577473	1577480	+	10.79	AAGGTTAA
4-AAGGTCAA	STREME-4	NC_064035.1	4586094	4586101	-	10.79	AAGGTTAA
4-AAGGTCAA	STREME-4	NC_064040.1	5270432	5270439	+	10.79	AAGGTTAA
4-AAGGTCAA	STREME-4	NC_064046.1	907933	907940	+	10.79	AAGGTTAA
4-AAGGTCAA	STREME-4	NC_064035.1	16362642	16362649	+	10.79	AAGGTTAA
4-AAGGTCAA	STREME-4	NC_064038.1	4233498	4233505	-	10.79	AAGGTTAA
4-AAGGTCAA	STREME-4	NC_064037.1	12349714	12349721	-	10.79	AAGGTTAA
4-AAGGTCAA	STREME-4	NC_064034.1	6689048	6689055	+	10.79	AAGGTTAA
4-AAGGTCAA	STREME-4	NC_064039.1	7297946	7297953	+	10.79	AAGGTTAA
4-AAGGTCAA	STREME-4	NC_064040.1	11931898	11931905	+	10.79	AAGGTTAA
4-AAGGTCAA	STREME-4	NC_064035.1	5643708	5643715	+	10.79	AAGGTTAA
4-AAGGTCAA	STREME-4	NC_064038.1	5952651	5952658	+	10.79	AAGGTTAA
4-AAGGTCAA	STREME-4	NC_064045.1	6839007	6839014	+	10.79	AAGGTTAA
4-AAGGTCAA	STREME-4	NC_064035.1	9370413	9370420	-	10.79	AAGGTTAA
4-AAGGTCAA	STREME-4	NC_064040.1	9572618	9572625	-	10.79	AAGGTTAA
4-AAGGTCAA	STREME-4	NC_064037.1	7038169	7038176	-	10.79	AAGGTTAA
4-AAGGTCAA	STREME-4	NC_064046.1	904441	904448	+	10.79	AAGGTTAA
4-AAGGTCAA	STREME-4	NC_064043.1	12643800	12643807	+	10.79	AAGGTTAA
4-AAGGTCAA	STREME-4	NC_064047.1	919755	919762	-	10.79	AAGGTTAA
4-AAGGTCAA	STREME-4	NC_064034.1	9332925	9332932	+	10.38	TAGGTCAA
4-AAGGTCAA	STREME-4	NC_064043.1	4192354	4192361	+	10.38	TAGGTCAA
4-AAGGTCAA	STREME-4	NC_064038.1	15585026	15585033	-	10.38	TAGGTCAA
4-AAGGTCAA	STREME-4	NC_064038.1	15090420	15090427	-	10.38	TAGGTCAA
4-AAGGTCAA	STREME-4	NC_064037.1	17876460	17876467	+	10.38	TAGGTCAA
4-AAGGTCAA	STREME-4	NC_064046.1	14640694	14640701	+	10.38	TAGGTCAA
4-AAGGTCAA	STREME-4	NC_064046.1	9373545	9373552	-	10.38	TAGGTCAA
4-AAGGTCAA	STREME-4	NC_064040.1	8307950	8307957	-	10.38	TAGGTCAA
4-AAGGTCAA	STREME-4	NC_064039.1	10883053	10883060	-	10.32	GAGGTCAC
4-AAGGTCAA	STREME-4	NC_064048.1	3877324	3877331	-	10.32	GAGGTCAC
4-AAGGTCAA	STREME-4	NC_064041.1	14416815	14416822	+	10.32	GAGGTCAC
4-AAGGTCAA	STREME-4	NC_064048.1	10192802	10192809	-	10.32	GAGGTCAC
4-AAGGTCAA	STREME-4	NC_064042.1	2875746	2875753	-	10.32	GAGGTCAC
4-AAGGTCAA	STREME-4	NC_064040.1	9572675	9572682	-	10.32	GAGGTCAC
4-AAGGTCAA	STREME-4	NC_064045.1	4508185	4508192	-	10.32	GAGGTCAC
4-AAGGTCAA	STREME-4	NC_064038.1	13988285	13988292	-	10.29	AAGGTCTA
4-AAGGTCAA	STREME-4	NC_064040.1	7918461	7918468	-	10.29	AAGGTCTA
4-AAGGTCAA	STREME-4	NC_064038.1	5906788	5906795	-	10.29	AAGGTCTA
4-AAGGTCAA	STREME-4	NC_064039.1	14529902	14529909	-	10.29	AAGGTCTA
4-AAGGTCAA	STREME-4	NC_064036.1	1549882	1549889	+	10.29	AAGGTCTA
4-AAGGTCAA	STREME-4	NC_064036.1	11234819	11234826	-	10.29	AAGGTCTA
4-AAGGTCAA	STREME-4	NC_064036.1	756243	756250	-	10.29	AAGGTCTA
4-AAGGTCAA	STREME-4	NC_064046.1	1372900	1372907	-	10.29	AAGGTCTA
4-AAGGTCAA	STREME-4	NC_064039.1	2719678	2719685	+	10.29	AAGGTCTA
4-AAGGTCAA	STREME-4	NC_064035.1	5784423	5784430	-	10.27	CAGGTCAA
4-AAGGTCAA	STREME-4	NC_064046.1	1772316	1772323	+	10.27	CAGGTCAA
4-AAGGTCAA	STREME-4	NC_064034.1	20927650	20927657	+	10.27	CAGGTCAA
4-AAGGTCAA	STREME-4	NC_064040.1	7933699	7933706	+	10.27	CAGGTCAA
4-AAGGTCAA	STREME-4	NC_064035.1	11580821	11580828	+	10.27	CAGGTCAA
4-AAGGTCAA	STREME-4	NC_064042.1	11855336	11855343	-	10.27	CAGGTCAA
4-AAGGTCAA	STREME-4	NC_064045.1	6839001	6839008	+	10.27	CAGGTCAA
4-AAGGTCAA	STREME-4	NC_064035.1	15705221	15705228	-	10.27	CAGGTCAA
4-AAGGTCAA	STREME-4	NC_064046.1	1307350	1307357	+	10.27	CAGGTCAA
4-AAGGTCAA	STREME-4	NC_064046.1	7129329	7129336	+	10.27	CAGGTCAA
4-AAGGTCAA	STREME-4	NC_064037.1	3549436	3549443	-	10.27	CAGGTCAA
4-AAGGTCAA	STREME-4	NC_064034.1	17454183	17454190	+	10.27	CAGGTCAA
4-AAGGTCAA	STREME-4	NC_064039.1	11326936	11326943	+	10.27	CAGGTCAA
4-AAGGTCAA	STREME-4	NC_064041.1	14416550	14416557	-	9.93	AAGGCCAA
4-AAGGTCAA	STREME-4	NC_064036.1	1467374	1467381	-	9.93	AAGGCCAA
4-AAGGTCAA	STREME-4	NC_064034.1	5547187	5547194	-	9.93	AAGGCCAA
4-AAGGTCAA	STREME-4	NC_064039.1	3224290	3224297	+	9.93	AAGGCCAA
4-AAGGTCAA	STREME-4	NC_064040.1	3729194	3729201	+	9.93	AAGGCCAA
4-AAGGTCAA	STREME-4	NC_064036.1	13823964	13823971	+	9.93	AAGGCCAA
4-AAGGTCAA	STREME-4	NC_064043.1	5906290	5906297	+	9.93	AAGGCCAA
4-AAGGTCAA	STREME-4	NC_064036.1	13823964	13823971	+	9.93	AAGGCCAA
4-AAGGTCAA	STREME-4	NC_064036.1	12861872	12861879	+	9.93	AAGGCCAA
4-AAGGTCAA	STREME-4	NC_064037.1	12122595	12122602	+	9.93	AAGGCCAA
4-AAGGTCAA	STREME-4	NC_064035.1	3503935	3503942	-	9.93	AAGGCCAA
4-AAGGTCAA	STREME-4	NC_064043.1	7930407	7930414	+	9.93	AAGGCCAA
4-AAGGTCAA	STREME-4	NC_064046.1	10582932	10582939	+	9.69	AGGGTCAA
4-AAGGTCAA	STREME-4	NC_064046.1	1770411	1770418	-	9.69	AGGGTCAA
4-AAGGTCAA	STREME-4	NC_064038.1	5921703	5921710	-	9.69	AGGGTCAA
4-AAGGTCAA	STREME-4	NC_064047.1	11408326	11408333	+	9.69	AGGGTCAA
4-AAGGTCAA	STREME-4	NC_064044.1	6140372	6140379	-	9.69	AGGGTCAA
4-AAGGTCAA	STREME-4	NC_064040.1	7151568	7151575	-	9.69	AGGGTCAA
4-AAGGTCAA	STREME-4	NC_064042.1	11366963	11366970	-	9.69	AGGGTCAA
4-AAGGTCAA	STREME-4	NC_064043.1	14680267	14680274	-	9.69	AGGGTCAA
4-AAGGTCAA	STREME-4	NC_064041.1	1861847	1861854	+	9.69	AGGGTCAA
4-AAGGTCAA	STREME-4	NC_064045.1	5091009	5091016	+	9.69	AGGGTCAA
4-AAGGTCAA	STREME-4	NC_064046.1	3859723	3859730	+	9.69	AGGGTCAA
4-AAGGTCAA	STREME-4	NC_064045.1	6172784	6172791	-	9.69	AGGGTCAA
4-AAGGTCAA	STREME-4	NC_064034.1	15979273	15979280	-	9.69	AGGGTCAA
4-AAGGTCAA	STREME-4	NC_064043.1	15260570	15260577	-	9.48	GAGGTCAT
4-AAGGTCAA	STREME-4	NC_064035.1	10769627	10769634	+	9.48	GAGGTCAT
4-AAGGTCAA	STREME-4	NC_064034.1	5834490	5834497	+	9.48	GAGGTCAT
4-AAGGTCAA	STREME-4	NC_064034.1	6689115	6689122	+	9.48	GAGGTCAT
4-AAGGTCAA	STREME-4	NC_064044.1	11688894	11688901	+	9.48	GAGGTCAT
4-AAGGTCAA	STREME-4	NC_064044.1	5805306	5805313	+	9.48	GAGGTCAT
4-AAGGTCAA	STREME-4	NC_064046.1	3718071	3718078	+	9.48	GAGGTCAT
4-AAGGTCAA	STREME-4	NC_064036.1	11902971	11902978	-	9.48	GAGGTCAT
4-AAGGTCAA	STREME-4	NC_064037.1	18256009	18256016	-	9.48	GAGGTCAT
4-AAGGTCAA	STREME-4	NC_064047.1	4416661	4416668	-	9.48	GAGGTCAT
4-AAGGTCAA	STREME-4	NC_064035.1	19656246	19656253	+	9.48	GAGGTCAT
4-AAGGTCAA	STREME-4	NC_064043.1	2193616	2193623	+	9.48	GAGGTCAT
4-AAGGTCAA	STREME-4	NC_064037.1	12441271	12441278	-	9.48	GAGGTCAT
4-AAGGTCAA	STREME-4	NC_064036.1	14100400	14100407	+	9.48	GAGGTCAT
4-AAGGTCAA	STREME-4	NC_064045.1	11595462	11595469	+	9.48	GAGGTCAT
#
5-CGATTACACWACC	STREME-5	NC_064048.1	2702564	2702576	-	21.30	CGATTACACAACC
5-CGATTACACWACC	STREME-5	NC_064039.1	8522400	8522412	-	20.64	CGATAACACTACC
5-CGATTACACWACC	STREME-5	NC_064045.1	13966388	13966400	+	20.14	CTATTACACTACC
5-CGATTACACWACC	STREME-5	NC_064037.1	1465142	1465154	-	19.19	CGATCACACCACC
5-CGATTACACWACC	STREME-5	NC_064043.1	1936845	1936857	+	19.03	CGATTACCCTAGC
5-CGATTACACWACC	STREME-5	NC_064035.1	20350321	20350333	-	18.47	CGATTACACGATC
5-CGATTACACWACC	STREME-5	NC_064035.1	15517867	15517879	-	17.79	CGATTACCCGAGC
5-CGATTACACWACC	STREME-5	NC_064042.1	1508773	1508785	-	17.28	CGATAACAGCACC
5-CGATTACACWACC	STREME-5	NC_064035.1	14843890	14843902	-	17.25	CGATTACACCCCC
5-CGATTACACWACC	STREME-5	NC_064036.1	5750693	5750705	+	17.23	CGATCACACGAGC
5-CGATTACACWACC	STREME-5	NC_064034.1	8793688	8793700	+	17.22	CGATTACAGTACG
5-CGATTACACWACC	STREME-5	NC_064037.1	11837331	11837343	-	17.08	CTAATACACTACC
5-CGATTACACWACC	STREME-5	NC_064034.1	5507875	5507887	-	16.73	TGATAACACTACC
5-CGATTACACWACC	STREME-5	NC_064038.1	5475234	5475246	-	16.49	CTATTACACAAGC
5-CGATTACACWACC	STREME-5	NC_064048.1	2708709	2708721	-	15.85	TGATTACACTACT
5-CGATTACACWACC	STREME-5	NC_064035.1	7036879	7036891	+	15.77	CGATCACCGAACC
5-CGATTACACWACC	STREME-5	NC_064036.1	2250464	2250476	+	15.08	CGATTACACCTCT
5-CGATTACACWACC	STREME-5	NC_064036.1	8212217	8212229	-	15.06	CGAATACACTACA
5-CGATTACACWACC	STREME-5	NC_064043.1	8048352	8048364	-	14.85	CGTTTACAGAACC
5-CGATTACACWACC	STREME-5	NC_064039.1	14124777	14124789	-	14.80	CGATTACACATTC
#
6-GATTGAGTCTTAYAMW	STREME-6	NC_064040.1	6786232	6786247	+	26.47	GATTGAGTCTTACAAA
6-GATTGAGTCTTAYAMW	STREME-6	NC_064042.1	14058187	14058202	+	25.71	GATTGAGTCTTATACT
6-GATTGAGTCTTAYAMW	STREME-6	NC_064042.1	14058187	14058202	+	25.71	GATTGAGTCTTATACT
6-GATTGAGTCTTAYAMW	STREME-6	NC_064039.1	10777311	10777326	-	21.97	GCTTGAGTGTTACTAA
6-GATTGAGTCTTAYAMW	STREME-6	NC_064042.1	9365845	9365860	+	21.31	TATTGAGTCATACCAA
6-GATTGAGTCTTAYAMW	STREME-6	NC_064045.1	6838947	6838962	-	20.30	GCTTGAGTGTTATCAT
#
7-AAGCATAATTTGCCCGH	STREME-7	NC_064040.1	8758909	8758925	+	29.32	AAGCATAATTTGCCCGC
7-AAGCATAATTTGCCCGH	STREME-7	NC_064038.1	8125208	8125224	-	25.89	AAGCATAATTTGCACGT
7-AAGCATAATTTGCCCGH	STREME-7	NC_064034.1	4137301	4137317	+	24.43	GAGCATAATTTCCCTGC
7-AAGCATAATTTGCCCGH	STREME-7	NC_064042.1	524601	524617	+	24.17	AAGCAAAATTTGCCAGA
7-AAGCATAATTTGCCCGH	STREME-7	NC_064039.1	11680156	11680172	+	24.10	AAGCATAATTTTCCCAA
#
8-CAGTGGATGAG	STREME-8	NC_064048.1	4704508	4704518	-	21.26	CAGTGGATGAG
8-CAGTGGATGAG	STREME-8	NC_064035.1	14039645	14039655	-	21.26	CAGTGGATGAG
8-CAGTGGATGAG	STREME-8	NC_064041.1	11604030	11604040	+	19.68	CAGTGGAGGAG
8-CAGTGGATGAG	STREME-8	NC_064037.1	10731394	10731404	+	19.68	CAGTGGAGGAG
8-CAGTGGATGAG	STREME-8	NC_064036.1	16125909	16125919	+	19.01	CAGTGGATGAT
8-CAGTGGATGAG	STREME-8	NC_064036.1	1876137	1876147	+	19.01	CAGTGGATGAT
8-CAGTGGATGAG	STREME-8	NC_064037.1	3307581	3307591	+	18.91	CCGTGGATGAG
8-CAGTGGATGAG	STREME-8	NC_064047.1	9740120	9740130	-	18.88	CAGTAGATGAG
8-CAGTGGATGAG	STREME-8	NC_064038.1	10553443	10553453	-	18.01	CAGTGGTTGAG
#
9-ATCACGCCAGCTATAGTM	STREME-9	NC_064041.1	9460036	9460053	+	31.09	ATCACGCCAGCTATAGTC
9-ATCACGCCAGCTATAGTM	STREME-9	NC_064037.1	10728869	10728886	+	25.54	AGCACGCCAGCTAGGGTA
9-ATCACGCCAGCTATAGTM	STREME-9	NC_064042.1	7373750	7373767	+	25.37	ATCCCGCCAGGACTAGTC
9-ATCACGCCAGCTATAGTM	STREME-9	NC_064047.1	9740173	9740190	-	25.25	ATCAAGCCGGCTTTAGTA
9-ATCACGCCAGCTATAGTM	STREME-9	NC_064034.1	747102	747119	+	23.63	ATCGCGCCTTCTATTGTC
